No,Nama Produk,Kategori (catatan dari website),Harga Rp,Stok,SKU,Berat Gram,Panjang Cm,Lebar Cm,Tinggi Cm,Deskripsi,Spesifikasi,Foto 1,Foto 2,Foto 3,Foto 4,Foto 5,Status Data,Sumber Berat/Dimensi,Catatan
"1","4 Swivel Wheel Jupiterfit","Fitness Outdoor","13500000","0","TF-EC9037","50000","165","175","55","Dimensi : 165*175*55cm","","https://cdn.sanity.io/images/856jrik3/production/6c78d1234f8704b64e5390aedf709f9605301c0a-581x591.jpg","","","","","OK — siap copy ke template","[SEDANG] ACUAN sejenis: stasiun roda tangan outdoor (warming arm 4 circle) 50kg (katalog NQ Group). Tanya supplier Jupiterfit / timbang untuk pastikan.","STOK 0 — isi stok dulu (stok 0 tidak bisa dibeli); berat/dimensi perlu verifikasi: Tanya supplier Jupiterfit / timbang untuk pastikan."
"2","AB Machine TL-950","Home Gym & Bench Press","790000","6","TF-319061","12000","95","40","95","Monitor menampilkan : waktu, kalori dan jumlah gerakan Fungsi : Melatih otot punggung, otot perut, otot lengan, otot paha dan kaki Warma : Hitam, Hijau, Ungu Dimensi produk : 95 x 40 x 95 cm Max pengguna : 100kg NW/GW : 11/12 kg","","https://cdn.sanity.io/images/856jrik3/production/aeaea10c8a8bbe3ba4558ecba455af1f351d285a-318x312.png","https://cdn.sanity.io/images/856jrik3/production/152cd8ac5aa26dd9088ca3f140329e472b240b7f-444x443.png","https://cdn.sanity.io/images/856jrik3/production/ad412e6ec2461c352687d51b54f81a66f9cadd90-447x336.png","","","OK — siap copy ke template","[TINGGI] Deskripsi milik sendiri: 95×40×95cm, NW/GW 11/12kg (pakai GW). Foto terisi otomatis dari Sanity.",""
"3","Abdominal Crunch D-604 DHZ","Commercial Fitness","17000000","0","TF-93DA61","150000","138","178","172","Nama Alat: Ab Crunch Type: Plate Loaded Penggunaan: Indoor Dalam Ruangan Dimensi: 138x178x172cm Berat Alat: 150kg Kode Barang: D604","","https://cdn.sanity.io/images/856jrik3/production/c5669911fd1ba95b396d3664e78fc2a9b652a7b5-533x533.webp?fm=jpg","","","","","OK — siap copy ke template","[TINGGI] Deskripsi milik sendiri: 138×178×172cm, Berat Alat 150kg (kode D604). KONFLIK: produk no 15 (D604, dimensi sama) tertulis 121kg — PEMILIK pastikan yang benar!","STOK 0 — isi stok dulu (stok 0 tidak bisa dibeli)"
"4","Abdominal Crunch D604","Commercial Fitness","17000000","0","TF-DBA7A1","121000","138","178","172","Platinum series Rotating Abdominal Crunch is a must-have for anyone looking to target their abdominal nuscles with precision. Unlike traditional ab crunch machines, this equipmnet features two suspension points on both sides that privide greater resistance and a more challenging workout. The equipment is also highly stable and includes storage pins for weight plates.  Dimension : 138 x 178 x 172 cm Weight : 121 Kg","","https://cdn.sanity.io/images/856jrik3/production/84c818bc0c68cb4241d005f535733e55c8b3ab4d-373x394.png","","","","","OK — siap copy ke template","[TINGGI] Deskripsi produk milik sendiri: Dimension 138×178×172 cm, Weight 121 Kg. Mesin 121kg — wajib kargo/truk + asuransi.","STOK 0 — isi stok dulu (stok 0 tidak bisa dibeli)"
"5","Abdominal Isolator U3073C DHZ","Commercial Fitness","17800000","2","TF-9BD2F3","235000","130","89","162","Abdominal Isolators adopt a walk-in and minimalist design without excessive adjustments. The uniquely designed seat pad provides strong support and protection during training. The rollers provide effective cushioning for movement. Counter balanced weight provides a low start resistance to ensure exercise is perfomed smoothly and safety. Elevated footrests provide exercisers with additional support . further enhancing training stabillity and comfort. Dimension : 130 x 89 x 162 cm Weight Stack : 95kg Features : Ergonomic Seat Pad, An Effective Core Workout, Helpful Guidan","","https://cdn.sanity.io/images/856jrik3/production/1e23749818709435a51489294496d1a96d3aa057-750x750.webp?fm=jpg","","","","","OK — siap copy ke template","[TINGGI] Pabrik DHZ (E3073, dimensi PERSIS SAMA 130×89×162): Weight 235kg. Mesin 235kg — wajib kargo/truk + asuransi.",""
"6","Abductor & Adductor U3021C DHZ","Commercial Fitness","18800000","2","TF-FD78E3","235000","161","92","163","Platinum Series Abductor and Adductor features an easy-adjust start position for both inner and outer thigh exercises. Dual foot pegs accommodate a wide range of exercisers. The pivoting thigh pads are angled for improved function and comfort during workouts, making it easier for exercisers to focus on miscle strength.  Dimension : 161 x 92 x 163 cm Weight : 235 Kg Weight Stack : 92 kg","","https://cdn.sanity.io/images/856jrik3/production/fa4776978e10f6be173fc6532403db96b5a53f6d-392x373.png","","","","","OK — siap copy ke template","[TINGGI] Deskripsi milik sendiri: 161×92×163cm, 235kg (stack 92kg). Mesin 235kg — wajib kargo/truk + asuransi.",""
"7","Adjustable Bench BM-102","Home Gym & Bench Press","1080000","0","TF-321904","12000","115","40","35","Spesifikasi : Material Besi, Sandaran : Pu, Foam Posisi sandaran sampai 8 Posisi Posisi dudukan sampai 4 posisi Sit up support foam (adjustable 3 level) Busa tebal dan empuk Barang Pabrikan, Import, Lebih rapi dan bagus Bisa dilipat, dicantolkan di dinding Cover kaki karet, agar tidak merusak keramik Terdapat anti slip di kaki agar bench tidak mudah bergeser Terdapat cantolan rope exercise (Rope tidak termasuk) Maks beban total 200kg","","https://cdn.sanity.io/images/856jrik3/production/d7f202a83a74b32afd7d5e65fcedd13e22dd8139-1024x1024.jpg","https://cdn.sanity.io/images/856jrik3/production/97ea09d0739e970513810f176fe8836ff5d0fff3-1024x1024.jpg","https://cdn.sanity.io/images/856jrik3/production/04ebf8b581947900b75d92815fadd1ec0bbe3778-1024x1024.jpg","https://cdn.sanity.io/images/856jrik3/production/051d58540bbe0861329ab2fcf75e0ac8654d2cf9-1024x1024.jpg","","OK — siap copy ke template","[TINGGI] Lapak Tokopedia (teks deskripsi IDENTIK dgn milik sendiri): berat 12KG, ukuran P108×L34×T109 cm. Dimensi packing estimasi (posisi lipat).","STOK 0 — isi stok dulu (stok 0 tidak bisa dibeli)"
"8","Adjustable Decline Bench U3037 DHZ","Commercial Fitness","6200000","0","TF-003ADA","54000","162","72","81","Adjustable Decline Bench offers multi-position adjustment with ergonomically designed leg catch, which provide enhanced stability and comfort during training. Weight : 54kg Dimension : 162 x 72 x 81 cm Features : Easy to Adjust , Stable and Comfortable , Convenient","","https://cdn.sanity.io/images/856jrik3/production/209fce2d35d65e571f1f3aa03a198fb9d365be80-750x621.webp?fm=jpg","","","","","OK — siap copy ke template","[TINGGI] Deskripsi milik sendiri: 162×72×81cm, 54kg. Kargo + packing kayu.","STOK 0 — isi stok dulu (stok 0 tidak bisa dibeli)"
"9","Aerobic Step Papan Senam ID-03","Stick & Accessories","450000","1","TF-213C16","6000","90","34","25","Bahan yang Terbuat dari PVC berkualitas tinggi yang di lapisi dengan bahan karet pada alas dan kaki membuat lebih nyaman ,stabil dan anti-slip. Spesifikasi : - Mudah Digunakan - Kokoh Dan Berkualitas - Dimensi :Panjang 90 cm x Lebar 34 cm. - Ketinggian bisa di atur 3 level : 15 cm , 20 cm , 25 cm. - Warna Hitam - Alas anti slip - Barang Original Idachi","","https://cdn.sanity.io/images/856jrik3/production/d4febfa6fe9fd811762f88911c8d28adc8e15209-736x736.jpg","https://cdn.sanity.io/images/856jrik3/production/d6de623b6a39595237e3f17a5e67434381b9ad34-720x720.jpg","https://cdn.sanity.io/images/856jrik3/production/b75ded8d89acc5031564472fafc33660c39d56c0-450x450.webp?fm=jpg","","","OK — siap copy ke template","[SEDANG] ACUAN dgn margin: step 68cm = 4-5kg (Tokogrosirolahraga/Lazada); ini 90cm lebih besar. Barang besar-ringan: volumetrik ±13kg, ukur dus saat packing.","berat/dimensi perlu verifikasi: Barang besar-ringan: volumetrik ±13kg, ukur dus saat packing."
"10","Air Walker Jupiterfit","Fitness Outdoor","13500000","0","TF-DF9903","50000","110","140","48","Dimensi : 110*140*48cm Ukuran besi 4dim variasi dengan  ketebalan 3.5mm Cat = Powder Coating / Anti Gores lapis vinyl","","https://cdn.sanity.io/images/856jrik3/production/29ef464c88fbc2e07244e45a79e62ce07a8fd1d5-581x591.jpg","","","","","OK — siap copy ke template","[SEDANG] ACUAN sejenis: air walker outdoor 50kg (katalog NQ Group). Dimensi cocok katalog Jupiter Fit. Tanya supplier / timbang untuk pastikan. Kargo + packing kayu.","STOK 0 — isi stok dulu (stok 0 tidak bisa dibeli); berat/dimensi perlu verifikasi: Tanya supplier / timbang untuk pastikan. Kargo + packing kayu."
"11","Air Walker Total Fitness","Fitness Outdoor","7700000","0","TF-D852FC","50000","90","35","130","Total Fitness Air Walker Outdoor Spesifikasi : Dimensi : 90 x 35 x 130 Cm Warna : Merah Kuning Kegunaan : Air Walker  * Produk sudah termasuk angkur dan pelindung angkur * Produk tidak di dalam dus * Harap Konfirmasi pembelian terlebih dahulu","","https://cdn.sanity.io/images/856jrik3/production/0ddb86616a853c5ac096b8a286adbd61d9df35c2-450x450.webp?fm=jpg","https://cdn.sanity.io/images/856jrik3/production/65b30ce2f17a16f58188ea22cf17ec7e5834452c-1024x1024.webp?fm=jpg","","","","OK — siap copy ke template","[TINGGI] Katalog New Quality Group: Weight 50 kg, dims 90×35×130 sama persis. Tidak dalam dus — kargo + packing kayu, konfirmasi dulu.","STOK 0 — isi stok dulu (stok 0 tidak bisa dibeli)"
"12","Angkle Support Pelindung Pergelangan Kaki Remora Uk.M","Stick & Accessories","40000","6","TF-9207E8","300","","","","Ankle Support dapat digunakan selama aktivitas fisik seperti berlari, angkat besi, bola basket dan kegiatan serupa lainnya yang berhubungan dengan beban konstan atau sering pada pergelangan kaki anda. Menggunakan Angkle Support dapat melindungi pergelangan kaki anda dari cedera seperti keseleo, otot tertarik dan lain sebagainya. Bahan : Ankle Support terbuat dari bahan yang lembut dan ringan sehingga membuat anda nyaman saat menggunakannya. Desain : Ankle Support didesain modern sehingga saat anda menggunakannya akan terlihat sangat bagus sesuai dengan desain jaman sekarang, selain itu warnanya juga krem jadi terlihat seperti warna kulit.","","https://cdn.sanity.io/images/856jrik3/production/108f5fe3b77850b70f21f95391fa555daabe8d15-425x539.jpg","","","","","OK — siap copy ke template","[SEDANG] ACUAN aksesori kain kecil + packing ±300g. Ukur paket saat packing.","berat/dimensi perlu verifikasi: Ukur paket saat packing."
"13","Angled Leg Press Linear Bearing U3056S DHZ","Commercial Fitness","24500000","2","TF-C60FB3","241000","217","161","126","Platinum Series Leg Pressfeatures heavy duty commercial linear bearings for smooth motion and dutable. Th 45-degree angle and two starting positions simulate an optimal leg-pressure movement, but with spinal pressure removed. The ergonomically optimized seat design provides accurates nody positioning and support, the four weight horms on the footplate allow users to easily load the wright plates.  Dimension : 217 x 161 x 126 cm Weight : 241 Kg","","https://cdn.sanity.io/images/856jrik3/production/35da959c0d416be0a9a3b3c43fe2207cc0db434b-420x356.png","","","","","OK — siap copy ke template","[TINGGI] Deskripsi milik sendiri: 217×161×126cm, 241kg. Mesin 241kg — wajib truk + asuransi.",""
"14","Arm Blaster Import Bollinger","Stick & Accessories","400000","5","TF-C82B2B","500","","","","The Arm Blaster merupakan seperangkat yang membantu Anda melakukan biceps curl dengan sempurna, membuat biceps anda kelihatan penuh dan berkembang dengan baik dengan cepat. The Arm Blaster dirancang untuk membantu menjaga lengan anda dengan ketat terhadap tubuh Anda saat melakukan biceps curl sehingga mendapatkan isolasi yg sempurna. latihan biceps curl adalah latihan terbaik untuk membangun ketebalan, kepadatan bisep dan ukuran bisep otot secara keseluruhan. The Arm Blaster memungkinkan Anda untuk mengambil keuntungan dari aspek membangun otot yang kuat dari barbell curl sambil menjaga lengan Anda dalam posisi yang akan menyebabkan pertumbuhan otot eksplosif di bagian bawah otot bisep  UKURAN: 1. Warna: hitam 2. Panjang: 30 cm 3. Lebar: 10 cm 4. Ketebalan: 4mm","","https://cdn.sanity.io/images/856jrik3/production/35c3df3f574d24e1f34571bcbf0709485f5f2f6c-800x518.jpg","https://cdn.sanity.io/images/856jrik3/production/530ebc7dce86792812e53ec8de65f397d653d468-450x289.jpg","https://cdn.sanity.io/images/856jrik3/production/a7666730a57d317bbfda54076fa4724c6ce1efed-800x800.webp?fm=jpg","","","OK — siap copy ke template","[SEDANG] HITUNG bahan: plat aluminium 30×10×0,4cm ≈ 325g + tali/busa + packing. Ukur dus saat packing.","berat/dimensi perlu verifikasi: Ukur dus saat packing."
"15","Back Massager Total Fitness","Fitness Outdoor","9500000","0","TF-AEC83C","50000","120","100","150","Total Fitness Back Massager Outdoor Spesifikasi : Dimensi : 120 x 100 x 150 Cm Warna : Merah Kuning Kegunaan : Massage  * Produk sudah termasuk angkur dan pelindung angkur * Produk tidak di dalam dus * Harap Konfirmasi pembelian terlebih dahulu","","https://cdn.sanity.io/images/856jrik3/production/a03ef0599d3d0ade173f2509c78db7a775df7bf5-450x450.webp?fm=jpg","https://cdn.sanity.io/images/856jrik3/production/f4651fc5129e8ed77f8f0b63d49e6311ea048716-1024x1024.webp?fm=jpg","https://cdn.sanity.io/images/856jrik3/production/ea91abaa13911700d5e0d522614cab1244d4a980-851x1280.jpg","","","OK — siap copy ke template","[TINGGI] Katalog New Quality Group: Weight 50 kg, dims 120×100×150 sama persis. Tidak dalam dus — kargo + packing kayu, konfirmasi dulu.","STOK 0 — isi stok dulu (stok 0 tidak bisa dibeli)"
"16","Baju Sauna Suit + Topi Ab king","Stick & Accessories","100000","5","TF-F653A9","500","","","","Sauna Suit/Baju Sauna/Jaket Sauna Suit Best Quality Baju sauna / Sauna Suit dapat digunakan buat menurunkan berat badan tanpa efek samping sangat murah dapat digunakan menemani anda selama beraktivitas apa saja sehingga keringat dan lemak tubuh yang keluar menjadi maksimal. Misalnya jogging,bersepeda,jalan kaki,lari,aerobik,dan sebagainya. Terdiri dari atasan dan bawahan. Bisa dipakai pria maupun wanita.","","https://cdn.sanity.io/images/856jrik3/production/c174f5f4116d08b6c39c1d47f60a3f703b60cbd0-450x341.jpg","","","","","OK — siap copy ke template","[SEDANG] ACUAN setelan sauna PVC (atasan+bawahan+topi) + packing ±500g. Ukur paket saat packing.","berat/dimensi perlu verifikasi: Ukur paket saat packing."
"17","Bangku Adjustable Bench B-1500","Home Gym & Bench Press","2850000","1","TF-D46779","22000","160","41","130","FITUR UNGGULAN: 3 Posisi Bench: Incline, Flat, Decline Rangka Besi Kokoh & Stabil Bantalan Tebal & Nyaman (Foam Premium) Adjustable & Mudah Digunakan Desain Compact – Cocok untuk Home Gym  SPESIFIKASI: Dimensi: 160 x 41 x 130 cm Material: Rubber, Iron, Foam Sistem: Adjustable Bench Multi Angle","","https://cdn.sanity.io/images/856jrik3/production/63f0605cea79f53cfef66281d49da72a3c404390-450x450.webp?fm=jpg","https://cdn.sanity.io/images/856jrik3/production/1f6c0bbc9733db0ad606a9e637d69a6def612444-1024x1024.webp?fm=jpg","","","","OK — siap copy ke template","[SEDANG] ACUAN bench home seukuran: 11-18kg (eBay/FITS 120-130cm); ini 160cm + rangka kokoh. Tanya supplier / timbang. Kargo.","berat/dimensi perlu verifikasi: Tanya supplier / timbang. Kargo."
"18","Bangku Adjustable Bench TL-1200","Home Gym & Bench Press","6000000","3","TF-4E8A82","44000","132","48","30","Package Size : 132 X 48 X 30 Cm  NW/GW : 41/44 Kg","","https://cdn.sanity.io/images/856jrik3/production/93baa6f3f386735b9bea8f48895acd8fe950c4f7-450x450.webp?fm=jpg","https://cdn.sanity.io/images/856jrik3/production/623bed1ab94e54690447b1dbe3b700ac0d094b95-900x900.webp?fm=jpg","https://cdn.sanity.io/images/856jrik3/production/18e15e1b2172749a17d86b6d0baf726f2830cf69-900x900.webp?fm=jpg","","","OK — siap copy ke template","[TINGGI] Deskripsi milik sendiri: kemasan 132×48×30cm, NW/GW 41/44kg (pakai GW). Kargo.",""
"19","Battle Rope 12m","Stick & Accessories","625000","0","TF-357141","11000","","","","Premium Battle Rope 12m BODYMASTER FREE Wall Mounting + Baut Dynabolt 4pcs  Spesifikasi : + Bahan : 100% Polypropylene and Polyester + Diameter : 38mm + Panjang : 9,12,15 METER + Dibuat dari 3 untai jalinan, sehingga sangat kokoh Features :  - Build Stamina - Burn Fat - Gain Lean Muscle Mass - Heat Shrink Caps on the ends - High Tensile Strength - Improve Cardiovascular Health - Increase VO2 Levels - Strengthen Core Muscles","","https://cdn.sanity.io/images/856jrik3/production/8f6296b8c24e98e96ee7d0b5486999211133792f-800x800.jpg","https://cdn.sanity.io/images/856jrik3/production/5e4e9dfc5158c1af84cb82a3d7554136b4a31d54-800x800.jpg","https://cdn.sanity.io/images/856jrik3/production/cc1d9d67dce2615f00a2affe775de63f9305f12c-800x800.jpg","","","OK — siap copy ke template","[SEDANG] ACUAN sejenis: rope 38mm 9m=7,4kg & 15m=12,7kg (Bullrock) → 12m ±10kg + mounting. Timbang untuk pastikan. Ukur gulungan saat packing.","STOK 0 — isi stok dulu (stok 0 tidak bisa dibeli); berat/dimensi perlu verifikasi: Timbang untuk pastikan. Ukur gulungan saat packing."
"20","Battle Rope 15m","Stick & Accessories","725000","0","TF-2F02E0","13000","","","","Premium Battle Rope 15m  FREE Wall Mounting + Baut Dynabolt 4pcs  Spesifikasi : + Bahan : 100% Polypropylene and Polyester + Diameter : 38mm + Panjang : 9,12,15 METER + Dibuat dari 3 untai jalinan, sehingga sangat kokoh Features :  - Build Stamina - Burn Fat - Gain Lean Muscle Mass - Heat Shrink Caps on the ends - High Tensile Strength - Improve Cardiovascular Health  - Increase VO2 Levels  - Strengthen Core Muscles","","https://cdn.sanity.io/images/856jrik3/production/b61ad985fafff3003173fcab1d0db0e851544929-800x800.jpg","https://cdn.sanity.io/images/856jrik3/production/5e4e9dfc5158c1af84cb82a3d7554136b4a31d54-800x800.jpg","https://cdn.sanity.io/images/856jrik3/production/cc1d9d67dce2615f00a2affe775de63f9305f12c-800x800.jpg","","","OK — siap copy ke template","[SEDANG] ACUAN sejenis: rope 38mm 15m=12,7kg (Bullrock) + mounting & baut. Timbang untuk pastikan. Ukur gulungan saat packing.","STOK 0 — isi stok dulu (stok 0 tidak bisa dibeli); berat/dimensi perlu verifikasi: Timbang untuk pastikan. Ukur gulungan saat packing."
"21","Battle Rope 9m","Stick & Accessories","495000","0","TF-8A1C0B","8000","","","","Premium Battle Rope 9m  FREE Wall Mounting + Baut Dynabolt 4pcs  Spesifikasi : + Bahan : 100% Polypropylene and Polyester + Diameter : 38mm + Panjang : 9,12,15 METER + Dibuat dari 3 untai jalinan, sehingga sangat kokoh Features :  - Build Stamina - Burn Fat - Gain Lean Muscle Mass - Heat Shrink Caps on the ends - High Tensile Strength - Improve Cardiovascular Health - Increase VO2 Levels - Strengthen Core Muscles","","https://cdn.sanity.io/images/856jrik3/production/22dca457b48ecf912a931f659c30e1910c23e760-800x800.jpg","https://cdn.sanity.io/images/856jrik3/production/5e4e9dfc5158c1af84cb82a3d7554136b4a31d54-800x800.jpg","https://cdn.sanity.io/images/856jrik3/production/cc1d9d67dce2615f00a2affe775de63f9305f12c-800x800.jpg","","","OK — siap copy ke template","[SEDANG] ACUAN sejenis: rope 38mm 9m=7,4kg (Bullrock) + mounting & baut. Timbang untuk pastikan. Ukur gulungan saat packing.","STOK 0 — isi stok dulu (stok 0 tidak bisa dibeli); berat/dimensi perlu verifikasi: Timbang untuk pastikan. Ukur gulungan saat packing."
"22","Bearing Smith Machine","Sparepart","230000","6","TF-6D60C2","500","","","","Linear Bearing / Bushing ID30mm OD45mm Length64mm 30x45x64 mm (ID x OD x T) Size Interchangeable with industry standards Low Coefficient of Friction Heat treated alloy steel shell Resin retainer for reduced noise Double Seals included standard","","https://cdn.sanity.io/images/856jrik3/production/00fab8342bc9264b4eca2dbdaacda5db008fd501-392x431.jpg","https://cdn.sanity.io/images/856jrik3/production/ee36773296220e263ad1921e2117c0f137dde3e4-640x454.jpg","","","","KURANG — perbaiki dulu","[SEDANG] Standar industri LM30UU (ukuran persis sama): 240-370g + packing. Harga satuan = per pcs.","berat/dimensi perlu verifikasi: Harga satuan = per pcs."
"23","Bearing Smith Machine Multi","Sparepart","225000","2","TF-A6EDC8","300","","","","Bearing ID25mm, OD40mm, Lenght 59mm Linear bearing Ukuran diameter dalam 25mm Cocok buat Smith Machine Multi Harga satuan","","https://cdn.sanity.io/images/856jrik3/production/2ffb60600828f14f4bf19f94185a4d893eb9f69e-1024x1024.webp?fm=jpg","https://cdn.sanity.io/images/856jrik3/production/99d55d9f728f9a63e8ff3050c1881ac89eb61361-1024x1024.webp?fm=jpg","","","","OK — siap copy ke template","[TINGGI] Standar industri LM25UU (ukuran persis sama): 206g + packing. Harga satuan = per pcs.",""
"24","Bench For Two ( Double Leg Press ) Jupiterfit","Fitness Outdoor","15750000","0","TF-202607","60000","210","165","55","Dimensi : 210*165*55cm Ukuran besi 4dim variasi dengan  ketebalan 3.5mm Cat = Powder Coating / Anti Gores lapis vinyl","","https://cdn.sanity.io/images/856jrik3/production/a031eb514fbb8976ca50df1ad4ca15aeecb082ec-581x591.jpg","","","","","OK — siap copy ke template","[SEDANG] ACUAN dgn margin: bench ganda outdoor besi 3.5mm (lebih tebal dari lini 3mm/50kg). WAJIB tanya supplier / timbang (unit besar). Kargo + packing kayu.","STOK 0 — isi stok dulu (stok 0 tidak bisa dibeli); berat/dimensi perlu verifikasi: WAJIB tanya supplier / timbang (unit besar). Kargo + packing kayu."
"25","Bench Press TL-750","Home Gym & Bench Press","2200000","5","TF-F50196","28000","114","47","20","- Material : PP , RUBBER , BESI DAN BUSA  - Fungsi ; Melatih otot punggung , otot kaki , otot perut , otot lengan  - Dimensi kemasan : 114 x 47 x 20 CM  - Dimensi produk : 63 x 137 x 125 CM  - NW/GW : 26,5/28 KG","","https://cdn.sanity.io/images/856jrik3/production/0221cb89ab487625a341b53f708d43ab4c7eb966-450x450.webp?fm=jpg","https://cdn.sanity.io/images/856jrik3/production/87ecd0045ac05e1598fba14e3623a08e6ab04fa6-450x450.webp?fm=jpg","https://cdn.sanity.io/images/856jrik3/production/4f0997987a52c58ea43450c7ffc13326089a6063-450x450.webp?fm=jpg","","","OK — siap copy ke template","[TINGGI] Deskripsi milik sendiri: kemasan 114×47×20cm, NW/GW 26,5/28kg (pakai GW). Kargo.",""
"26","Bench Press TL-7705","Home Gym & Bench Press","1600000","1","TF-318B21","30000","125","45","17","– FUNGSI : Bisa digunakan untuk latihan Bench press, Leg curl, Sit Up dan lain sebagainya.  – MAXSIMAL BEBAN : 100 Kg  – DIMENSI KEMASAN : (P) 125 x (L) 45 x (T) 17 Cm  – DIMENSI PRODUK : (P) 165 x (L) 103 x (T) 122  – DIMENSI STICK OLIMPIA : (P) 210 X DIAMETER 3  – NW / GW : 27 / 30Kg","","https://cdn.sanity.io/images/856jrik3/production/9505d85a027b2a7502da439b0d2f7bbbfa12f80a-1024x1024.jpg","https://cdn.sanity.io/images/856jrik3/production/ea6ee8ffccdf5ea2b907f9581a69db47d387e12f-1024x1024.jpg","https://cdn.sanity.io/images/856jrik3/production/6412e3500cf74c57310599d774e61d05b9b87cfa-1200x1600.jpg","","","OK — siap copy ke template","[TINGGI] Deskripsi milik sendiri: kemasan 125×45×17cm, NW/GW 27/30kg (pakai GW). Kargo.",""
"27","Bicep Curl U3030C DHZ","Commercial Fitness","16200000","0","TF-0B20ED","165000","128","94","163","Platinum series ‘Bicep Curl’ has a scientific curl position with a comfortable automatic adjustment handle, which can adapt to different users. The single-seater adjustable ratchet can not only help the users find the correct movement position, but also ensure the best comfort. Accurate load transfer ensures a steady increase in muscle strength while simulating the feel of free  weight training. Seri Platinum ‘Bicep Curl’ memiliki posisi ikal ilmiah dengan pegangan penyesuaian otomatis yang nyaman, yang dapat beradaptasi dengan pengguna yang berbeda. Ratchet satu tempat duduk yang dapat disesuaikan tidak hanya membantu pengguna menemukan posisi gerakan yang benar, tetapi juga memastikan kenyamanan terbaik. Perpindahan beban yang akurat memastikan peningkatan kekuatan otot yang stabil sambil mensimulasikan sensasi latihan beban bebas. Dimension     : 128 x 94 x 163 cm Weight            : 165 Kg Weight Stack : 65 Kg","","https://cdn.sanity.io/images/856jrik3/production/4c293f7e5d715b9de13c6c0b66df7c8eee1b7319-480x480.jpg","https://cdn.sanity.io/images/856jrik3/production/3bd5742cb822329a7632194ea7568b429cca5dcd-1875x2560.webp?fm=jpg","","","","OK — siap copy ke template","[TINGGI] Deskripsi milik sendiri: 128×94×163 cm, 165 Kg (stack 65 Kg). Mesin 165kg — wajib kargo/truk + asuransi.","STOK 0 — isi stok dulu (stok 0 tidak bisa dibeli)"
"28","Bicycle Jupiterfit","Fitness Outdoor","9900000","0","TF-B1B297","50000","110","50","130","Dimensi : 110*50*130cm","","https://cdn.sanity.io/images/856jrik3/production/3dd2bef77d608f31e68f2b291352e30740ae0522-520x696.jpg","","","","","OK — siap copy ke template","[SEDANG] ACUAN sejenis: upright bike outdoor 50kg (katalog NQ Group). Tanya supplier Jupiterfit / timbang untuk pastikan. Kargo + packing kayu.","STOK 0 — isi stok dulu (stok 0 tidak bisa dibeli); berat/dimensi perlu verifikasi: Tanya supplier Jupiterfit / timbang untuk pastikan. Kargo + packing kayu."
"29","Big Swivel Wheel Jupiterfit","Fitness Outdoor","9900000","0","TF-1EAAFC","50000","180","95","65","Dimensi : 180*95*65cm","","https://cdn.sanity.io/images/856jrik3/production/b439b762a944490007b9d3c0249b51751036224d-279x284.jpg","","","","","OK — siap copy ke template","[SEDANG] ACUAN sejenis: stasiun roda tangan outdoor 50kg (katalog NQ Group). Dimensi cocok katalog Jupiter Fit. Tanya supplier / timbang. Foto kecil (279px) — ganti foto.","STOK 0 — isi stok dulu (stok 0 tidak bisa dibeli); berat/dimensi perlu verifikasi: Tanya supplier / timbang. Foto kecil (279px) — ganti foto."
"30","Body Pulling Training Jupiterfit","Fitness Outdoor","13500000","0","TF-16434A","","165","190","195","Dimensi : 165*190*195cm","","https://cdn.sanity.io/images/856jrik3/production/7e4b2de5cb6071a0de89fd3fbc1afd1d1781e5c4-146x149.jpg","","","","","KURANG — perbaiki dulu","[-] Dimensi dari deskripsi pemilik. Berat frame pull-up outdoor ini TIDAK ditemukan sumbernya. TANYA SUPPLIER / timbang. Foto produk juga terlalu kecil (146px) — ganti foto.","STOK 0 — isi stok dulu (stok 0 tidak bisa dibeli); BERAT BELUM ADA — TANYA SUPPLIER / timbang. Foto produk juga terlalu kecil (146px) — ganti foto."
"31","Bola Karet Stopper Penahan Tali Sling","Sparepart","28000","6","TF-90F160","200","","","","BOLA KARET / SLING STOPPER Berguna sebagai Penahan Sling agar tidak tergulung dan tidak terjepit Ukuran : Diameter Luar : 5cm Diameter Dalam : 1.1cm","","https://cdn.sanity.io/images/856jrik3/production/59b80def879ce199c8cd3a98201cb08ad780b351-450x450.webp?fm=jpg","https://cdn.sanity.io/images/856jrik3/production/7ba8d45b042573feaf8bf819c02b571e6ed21351-450x450.webp?fm=jpg","https://cdn.sanity.io/images/856jrik3/production/1735b8932a47f3aabe1040a7b280efacefef8a98-730x730.webp?fm=jpg","","","OK — siap copy ke template","[SEDANG] HITUNG volume: bola karet OD 5cm ≈ 78g + packing. Foto terisi otomatis dari Sanity.","berat/dimensi perlu verifikasi: Foto terisi otomatis dari Sanity."
"32","Bola Stopper Teflon Penahan Tali Sling","Sparepart","75000","6","TF-2B52DB","200","","","","Bahan Teflon  Panjang 3.5cm  Tebal 4cm Standard Alat Fitness Kuat","","https://cdn.sanity.io/images/856jrik3/production/fe796246f52bb268ed65cdc2b00a1d2aaf757716-800x512.jpg","","","","","OK — siap copy ke template","[SEDANG] HITUNG volume: teflon 3,5×4cm ≈ 97g + packing. Foto terisi otomatis dari Sanity.","berat/dimensi perlu verifikasi: Foto terisi otomatis dari Sanity."
"33","Bosu Balance Ball Bola Gym","Stick & Accessories","425000","2","TF-45286A","8000","60","50","12","Fitur Utama: Sangat Fleksibel – Mudah digunakan untuk berbagai gerakan olahraga  Permukaan Anti Selip – Memberikan cengkeraman optimal  Material Berkualitas – Kokoh dan tahan lama Multifungsi – Ideal untuk yoga, pilates, latihan keseimbangan Spesifikasi - Motif : Random - Bahan : Karet Plastik PVC - Diameter : 58 Cm x T 20 Cm  - Size Paket : P 60 X L 12 X  T 50","","https://cdn.sanity.io/images/856jrik3/production/041dab5856653a5c72d102d9137513a69d3df226-800x800.webp?fm=jpg","https://cdn.sanity.io/images/856jrik3/production/feac9207ef48e9a890d4e3db2d357d84c8f30498-1024x1024.webp?fm=jpg","https://cdn.sanity.io/images/856jrik3/production/834420e333555963e7661eadb9cc58edb6e3f297-1024x1024.webp?fm=jpg","","","OK — siap copy ke template","[SEDANG] ACUAN ukuran+material sama: bosu 58cm PVC, paket 8kg (Svarga). Timbang untuk pastikan.","berat/dimensi perlu verifikasi: Timbang untuk pastikan."
"34","Bumper Plate Eco 5kg, 10kg, 15kg, 20kg, 25kg","Dumbell & Weight Plate","36000","6","TF-5609DD","5000","","","","Material: ECO Rubber Berat: 5 kg, 10 kg, 15 kg, 20 kg 25kg Warna: Hitam dengan penanda berat berwarna yang jelas Diameter: 450 mm (standar internasional) Harga yang tertera adalah harga per kg Untuk stock dan harga mohon chat admin","","https://cdn.sanity.io/images/856jrik3/production/24ac072784217b9e4d0e7cd4712966880fc82136-1024x1024.jpg","https://cdn.sanity.io/images/856jrik3/production/5bbc1b85a1301dc5184591fd03d1219e07818e41-1024x1024.jpg","https://cdn.sanity.io/images/856jrik3/production/a7a3c83269772733f0c1551a6a4d504637c2decf-450x450.jpg","https://cdn.sanity.io/images/856jrik3/production/5ad3df4d42c673883342b0bc57c4c09587bb6883-450x450.jpg","","OK — siap copy ke template","[TINGGI (varian 5kg)] Varian terkecil 5kg (diameter 45cm standar). HARGA PER KG — pecah jadi 5 produk/variasi (5/10/15/20/25kg)!",""
"35","Cable Cross Over Evost U3016 DHZ","Commercial Fitness","30500000","2","TF-AA9C77","411000","450","109","231","Platinum Series Adjustable Crossover is a self-contained cable crossover device that provides two sets of adjustable cable positions allowing two users to execute different workouts at the same time or individually. Supplied with a rubber-wrapped pull-up handle with dual grip positions. With quick and easy adjustments, users can use it alone or in combination with gym benches and other accessories to complete a variety of workouts.  Dimension : 450 x 109 x 231 cm Weight : 411 Kg Weight Stack : 95 kg x 2","","https://cdn.sanity.io/images/856jrik3/production/99beb51a1773790d14217b7889fc1c8d96b612e6-452x352.png","","","","","OK — siap copy ke template","[TINGGI] Deskripsi milik sendiri: 450×109×231cm, 411kg (stack 95kg × 2). Wajib truk + asuransi, kemungkinan multi-koli.",""
"36","Carabiner Uk 7mm","Sparepart","25000","10","TF-1AC05B","100","","","","Carabiner galvanized Panjang : 7cm Lebar : 3,4cm  Tebal : 7ml Berat : 40gr","","https://cdn.sanity.io/images/856jrik3/production/58982557a515f4a1b469b53eba22d5b167eb0fff-270x160.jpg","https://cdn.sanity.io/images/856jrik3/production/9f56a02290e97b7a9e8ada86db3ee074c30ec1b7-450x248.jpg","","","","OK — siap copy ke template","[TINGGI] Deskripsi milik sendiri: 7×3,4cm, 40g + packing. Foto terisi otomatis dari Sanity.",""
"37","Carabiner Uk 8mm","Sparepart","35000","10","TF-3761B3","100","","","","Bahan : besi chrome  Panjang : 8cm Lebar : 3,9cm Tebal : 8ml Berat : 60gr","","https://cdn.sanity.io/images/856jrik3/production/58982557a515f4a1b469b53eba22d5b167eb0fff-270x160.jpg","https://cdn.sanity.io/images/856jrik3/production/9f56a02290e97b7a9e8ada86db3ee074c30ec1b7-450x248.jpg","","","","OK — siap copy ke template","[TINGGI] Deskripsi milik sendiri: 8×3,9cm, 60g + packing. Foto terisi otomatis dari Sanity.",""
"38","Chest & Shoulder Press U3084C DHZ","Commercial Fitness","19800000","2","TF-D9C856","256000","181","146","183","Platinum Series Chest Shoulder Press realizes the integration of the functions of the three machines into one. On this machine, the user can adjust the pressing arm and seat on the machine to perform bench press, upward oblique press and shoulder press. The comfortable oversized handles in multiple positions, combined with the simple adjustment of tha seat, allow users to easily sit in position for different exercises.  Dimension : 181 x 146 x 183 cm Weight : 256 Kg Weight Stack : 110 Kg","","https://cdn.sanity.io/images/856jrik3/production/59da06bdd174d5673bf1938aa2d0d04fb0ebb6de-387x357.png","","","","","OK — siap copy ke template","[TINGGI] Deskripsi milik sendiri: 181×146×183cm, 256kg (stack 110kg). Mesin 256kg — wajib truk + asuransi.",""
"39","Chest Press 2 Seat Total Fitness","Fitness Outdoor","15000000","0","TF-5A0A23","50000","180","70","200","Total Fitness Three Position Waist Outdoor Spesifikasi : Dimensi : 150 x 130 x 130 Cm Warna : Merah Kuning Kegunaan : Twister  * Produk sudah termasuk angkur dan pelindung angkur * Produk tidak di dalam dus * Harap Konfirmasi pembelian terlebih dahulu","","https://cdn.sanity.io/images/856jrik3/production/52d129e6ad09518bdee0a647622ca30bb9544a9d-718x1080.jpg","","","","","OK — siap copy ke template","[TINGGI] Katalog New Quality Group: Weight 50 kg, dims 180×70×200. Dimensi website (150×130×130) SALAH — copas dari twister. PEMILIK: betulkan deskripsi Chest Press di website (saat ini tertulis twister).","STOK 0 — isi stok dulu (stok 0 tidak bisa dibeli)"
"40","Chest Press Two Seats Jupiterfit","Fitness Outdoor","20250000","0","TF-725699","65000","234","190","68","Dimensi : 234*190*68cm Ukuran besi 4dim variasi dengan  ketebalan 3.5mm Cat = Powder Coating / Anti Gores lapis vinyl.","","https://cdn.sanity.io/images/856jrik3/production/d0a5f860e2f671c407814077b2e5574a048d8939-581x591.jpg","","","","","OK — siap copy ke template","[SEDANG] ACUAN dgn margin: stasiun ganda outdoor besar, besi 3.5mm (di atas lini 3mm/50kg). WAJIB tanya supplier / timbang (unit besar). Kargo + packing kayu.","STOK 0 — isi stok dulu (stok 0 tidak bisa dibeli); berat/dimensi perlu verifikasi: WAJIB tanya supplier / timbang (unit besar). Kargo + packing kayu."
"41","Chest Press Y905Z DHZ","Commercial Fitness","20500000","0","TF-20A481","162000","150","120","172","Chest Press Uses a Forward converging movement that effectively activates the pectoralis major, triceps, and anterior deltoid. the motion arms can be moved independently , not only ensuring a more balanced muscle exercise, but also supporting the user in individual training. Weight : 162kg Dimension : 150 x 120 x 172 cm Features : Nice Grip , More Balanced , Excellent Trajectory","","https://cdn.sanity.io/images/856jrik3/production/d8248b864299baa36af727abdae05c89fb3cf6a6-750x852.webp?fm=jpg","","","","","OK — siap copy ke template","[TINGGI] Deskripsi milik sendiri: 150×120×172cm, 162kg. Kargo/truk + asuransi.","STOK 0 — isi stok dulu (stok 0 tidak bisa dibeli)"
"42","Circular Lat Pull Down D610 DHZ","Commercial Fitness","20500000","0","TF-357AC0","195000","193","186","206","Circular lat pulldown dhz Kode D610 Dimension : 193 x 186 x 206 cm Weight : 195 kg","","https://cdn.sanity.io/images/856jrik3/production/bf9d652c304a0a5f5a69aaed9df82e41c58f3243-820x1024.jpg","https://cdn.sanity.io/images/856jrik3/production/aa83d7a0b6b227c793585c02661e7cf6afe7bb55-466x504.jpg","","","","OK — siap copy ke template","[TINGGI] Deskripsi milik sendiri: 193×186×206 cm, 195 kg (kode D610, sama dgn no 14). Mesin 195kg — wajib kargo/truk + asuransi.","STOK 0 — isi stok dulu (stok 0 tidak bisa dibeli)"
"43","Circular Lat PullDown D610","Commercial Fitness","20500000","0","TF-7F2348","195000","193","186","206","Platinum Series Circular Lat Pulldown allows for a comfortable and ergonomic seated position while performing an effective downward pulling motion that targets the dorsal and arm muscles. The scissor design provides a secure and stable workout, ensuring maximum result.  Dimension : 193 x 186 x 206 cm Weight : 195 Kg","","https://cdn.sanity.io/images/856jrik3/production/e127b02ca1e81c76d9b7ec04e3a1e24e2a5f4379-336x377.png","","","","","OK — siap copy ke template","[TINGGI] Deskripsi produk milik sendiri: Dimension 193×186×206 cm, Weight 195 Kg. Mesin 195kg — wajib kargo/truk + asuransi.","STOK 0 — isi stok dulu (stok 0 tidak bisa dibeli)"
"44","Commercial Stair Climber","Commercial Fitness","28480000","2","TF-D13B15","255000","135","95","130","- Monitor : LCD LED. Kalori, Detak Jantung, Waktu, Jarak tempuh, Kecepatan - Rangka : Baja Karbon - Sistem Rem : Magnet - Max Berat Pengguna : 150 Kg - Dimensi produk : 142 x 81 x 240 cm - Dimensi kemasan : 135 x 95 x 130 cm - NW/GW : 205/255 Kg - Warna : Hitam","","https://cdn.sanity.io/images/856jrik3/production/e5741d7b52f58fc1b125f471022977b78ba000dc-1280x1600.jpg","https://cdn.sanity.io/images/856jrik3/production/db104ebd87c9788ac83a036c37a1f09045b34cb4-490x493.png","https://cdn.sanity.io/images/856jrik3/production/87e906849b54e3ece2c640800c15264252a64df1-503x489.png","https://cdn.sanity.io/images/856jrik3/production/0fb91608027b2e8c9375b565c1c9cc1ebf229b32-471x487.png","","OK — siap copy ke template","[TINGGI] Deskripsi milik sendiri: kemasan 135×95×130cm, NW/GW 205/255kg (pakai GW). Wajib truk + asuransi.",""
"45","Curl Bar Handle 28""","Stick & Accessories","345000","0","TF-491D97","3500","85","15","15","CURL BAR 28 :  Ukuran 78 x 10 cm  Bahan Besi Chrome Solid Rubber Grip Berat 3,5kg","","https://cdn.sanity.io/images/856jrik3/production/24c15f86bfee93574e146e62413862159ab8c644-800x800.jpg","https://cdn.sanity.io/images/856jrik3/production/80fc566bfcff14f9d40d065662106d1fc1a48eb4-800x701.jpg","https://cdn.sanity.io/images/856jrik3/production/5a8b6b43f0c0581df67b0406da6aefc5d85b78c2-800x800.jpg","","","OK — siap copy ke template","[TINGGI] Deskripsi produk milik sendiri: 78×10 cm, berat 3,5kg. Dimensi packing estimasi.","STOK 0 — isi stok dulu (stok 0 tidak bisa dibeli)"
"46","Dip Chin Assist U3009 DHZ","Commercial Fitness","19800000","0","TF-CB1996","88000","","","","Dip/Chin Assist not only can it be used as a part of the serial modular core of a plug-in workstation or a multi-person station, but it is also a mature dual-function system. Large steps, comfortable knee pads, rotatable tilt handles and multi-position pull-up handles are part of the highly versatile dip/chin assist device. The knee pad can be folded to realize the user's unassisted exercise. The linear bearing mechanism provides guarantee for the overall stability and durability of the equipment. Weight : 88kg","","https://cdn.sanity.io/images/856jrik3/production/deb4e18caad082838b6f3cc1e91c81adfe13d4f2-2500x2500.webp?fm=jpg","","","","","OK — siap copy ke template","[TINGGI (berat)] Berat dari deskripsi sendiri: 88kg. Dimensi TIDAK ADA di deskripsi. Varian U3009D/D-K di pasaran 268kg — 88kg jauh lebih ringan, PASTIKAN varian + ukur dimensi saat packing.","STOK 0 — isi stok dulu (stok 0 tidak bisa dibeli)"
"47","Double Children Press Board Jupiterfit","Fitness Outdoor","9900000","0","TF-C2A3A0","50000","195","95","45","Dimensi : 195*95*45cm","","https://cdn.sanity.io/images/856jrik3/production/eb2df69d402d855feae1920c889f9b06a35e65c2-669x332.jpg","","","","","OK — siap copy ke template","[SEDANG] ACUAN sejenis: stasiun board outdoor pipa galvanis 3mm = 50kg (katalog NQ Group). Tanya supplier Jupiterfit / timbang untuk pastikan. Kargo + packing kayu.","STOK 0 — isi stok dulu (stok 0 tidak bisa dibeli); berat/dimensi perlu verifikasi: Tanya supplier Jupiterfit / timbang untuk pastikan. Kargo + packing kayu."
"48","Double Children Swings Jupiterfit","Fitness Outdoor","13500000","0","TF-944BB6","","145","155","60","Dimensi : 145*155*60cm","","https://cdn.sanity.io/images/856jrik3/production/2928db1178b840ab6ad3d0f01ae893296a45c43d-581x591.jpg","","","","","KURANG — perbaiki dulu","[-] Dimensi dari deskripsi pemilik (sama dgn no 32). Berat ayunan TIDAK dipublikasikan. TANYA SUPPLIER berat ayunan (atau timbang).","STOK 0 — isi stok dulu (stok 0 tidak bisa dibeli); BERAT BELUM ADA — TANYA SUPPLIER berat ayunan (atau timbang)."
"49","Double Children Swings Total Fitness","Fitness Outdoor","9500000","0","TF-235215","","145","155","60","Total Fitness Double Children Swings Fitness Outdoor Spesifikasi : Dimensi : 145 x 155 x 60 Cm Warna : Merah Kuning Kegunaan : Ayunan  * Produk sudah termasuk angkur dan pelindung angkur * Produk tidak di dalam dus * Harap Konfirmasi pembelian terlebih dahulu","","https://cdn.sanity.io/images/856jrik3/production/bb6190e32f28dfb57809aded0c65e8241d60d8aa-299x244.jpg","","","","","KURANG — perbaiki dulu","[-] Dimensi dari deskripsi pemilik. Berat ayunan TIDAK dipublikasikan di katalog distributor. TANYA SUPPLIER berat ayunan (atau timbang). Catatan pemilik: tidak dalam dus, konfirmasi dulu.","STOK 0 — isi stok dulu (stok 0 tidak bisa dibeli); BERAT BELUM ADA — TANYA SUPPLIER berat ayunan (atau timbang). Catatan pemilik: tidak dalam dus, konfirmasi dulu."
"50","Double Handle Solid / Handle Row BM-A238","Stick & Accessories","230000","3","TF-4CB925","2000","19","14","12","Seated Row Handle Grade : Komersial Use Material : Besi chrome solid Grip : Rubber Ukuran : 18.5 x 14 x 12 cm Berat : 1.9kg","","https://cdn.sanity.io/images/856jrik3/production/1b7cf79400ac0016fc3d34542cef64b1cbd1fda9-1024x907.jpg","https://cdn.sanity.io/images/856jrik3/production/06c153e5defc53369ca0d41b58d90eee8084d0f8-900x784.jpg","","","","OK — siap copy ke template","[TINGGI] Deskripsi milik sendiri: 18,5×14×12cm, 1,9kg + packing. Foto terisi otomatis dari Sanity.",""
"51","Double Leg Press Total Fitness","Fitness Outdoor","10000000","0","TF-A9A6DD","50000","180","40","170","Total Fitness Double Leg Press Fitness Outdoor Spesifikasi : Dimensi : 180 x 40 x 170 Cm Warna : Merah Kuning Kegunaan : Leg Press / Latihan Kaki  * Produk sudah termasuk angkur dan pelindung angkur * Produk tidak di dalam dus * Harap Konfirmasi pembelian terlebih dahulu","","https://cdn.sanity.io/images/856jrik3/production/081b7553944526477ad4843b846e96144a9ab37a-851x1280.jpg","","","","","OK — siap copy ke template","[TINGGI] Katalog New Quality Group: Weight 50 kg, dims 180×40×170 sama persis. Tidak dalam dus — kargo + packing kayu, konfirmasi dulu.","STOK 0 — isi stok dulu (stok 0 tidak bisa dibeli)"
"52","Double Sit Up Board Total Fitness","Fitness Outdoor","9500000","0","TF-3A9190","50000","160","125","85","Total Fitness Double Sit Up Board Outdoor Spesifikasi : Dimensi : 160 x 125 x 85 Cm Warna : Merah Kuning Kegunaan : Sit Up   * Produk sudah termasuk angkur dan pelindung angkur * Produk tidak di dalam dus * Harap Konfirmasi pembelian terlebih dahulu","","https://cdn.sanity.io/images/856jrik3/production/fec5b4caa8ff3e6ef9c59b4543353a5eee2d7440-1203x800.jpg","","","","","OK — siap copy ke template","[TINGGI] Katalog New Quality Group: Weight 50 kg, dims 160×125×85 sama persis. Tidak dalam dus — kargo + packing kayu, konfirmasi dulu.","STOK 0 — isi stok dulu (stok 0 tidak bisa dibeli)"
"53","Double Sit up Board Jupiterfit","Fitness Outdoor","13500000","0","TF-9ACF07","50000","150","165","75","Dimensi : 150*165*75cm","","https://cdn.sanity.io/images/856jrik3/production/492bf9f65b9a2f351ee2163196397c172e9f1c79-669x392.jpg","","","","","OK — siap copy ke template","[SEDANG] ACUAN sejenis: double sit up outdoor 50kg (katalog NQ Group). Tanya supplier Jupiterfit / timbang untuk pastikan. Kargo + packing kayu.","STOK 0 — isi stok dulu (stok 0 tidak bisa dibeli); berat/dimensi perlu verifikasi: Tanya supplier Jupiterfit / timbang untuk pastikan. Kargo + packing kayu."
"54","Double Swing Board Total Fitness","Fitness Outdoor","9500000","0","TF-1B939C","","125","150","85","Total Fitness Double Swing Board Fitness Outdoor Spesifikasi : Dimensi : 125 x 150 x 85 Cm Warna : Merah Kuning Kegunaan : Ayunan  * Produk sudah termasuk angkur dan pelindung angkur * Produk tidak di dalam dus * Harap Konfirmasi pembelian terlebih dahulu","","https://cdn.sanity.io/images/856jrik3/production/a5349dc92a0f3870f15ae00af6c7be3d6b1a54e7-296x326.jpg","","","","","KURANG — perbaiki dulu","[-] Dimensi dari deskripsi pemilik. Berat ayunan TIDAK dipublikasikan di katalog distributor. TANYA SUPPLIER berat ayunan (atau timbang). Catatan pemilik: tidak dalam dus, konfirmasi dulu.","STOK 0 — isi stok dulu (stok 0 tidak bisa dibeli); BERAT BELUM ADA — TANYA SUPPLIER berat ayunan (atau timbang). Catatan pemilik: tidak dalam dus, konfirmasi dulu."
"55","Double swing Board Jupiterfit","Fitness Outdoor","13500000","0","TF-273FB4","","125","150","85","Dimensi : 125*150*85cm Ukuran besi 4dim variasi dengan  ketebalan 3.5mm Cat = Powder Coating / Anti Gores lapis vinyl","","https://cdn.sanity.io/images/856jrik3/production/f228b01f029aa4e3b9ed6b89e6b34eaa00ab0314-581x591.jpg","","","","","KURANG — perbaiki dulu","[-] Dimensi dari deskripsi pemilik (sama dgn no 31). Berat ayunan TIDAK dipublikasikan. TANYA SUPPLIER berat ayunan (atau timbang).","STOK 0 — isi stok dulu (stok 0 tidak bisa dibeli); BERAT BELUM ADA — TANYA SUPPLIER berat ayunan (atau timbang)."
"56","Dumbell Adjustable 12,5kg","Dumbell & Weight Plate","1250000","1","TF-3F779D","13000","","","","","","https://cdn.sanity.io/images/856jrik3/production/b9eb97c97fbf6db3db3d7bbb4c34cfdac38c9eb2-450x450.webp?fm=jpg","https://cdn.sanity.io/images/856jrik3/production/ded20099f9bed69e242dff62639b4b8129aeed45-800x800.webp?fm=jpg","https://cdn.sanity.io/images/856jrik3/production/ed501b2a37df748cf65f74252742dece8665ed01-450x450.webp?fm=jpg","","","OK — siap copy ke template","[SEDANG] Nama produk 12,5kg + packing (sekelas TotalGym: 12,5kg satuan). SATUAN atau SEPASANG? Pastikan + ukur dus.","deskripsi kosong; berat/dimensi perlu verifikasi: SATUAN atau SEPASANG? Pastikan + ukur dus."
"57","Dumbell Adjustable 25kg","Dumbell & Weight Plate","1750000","1","TF-3C780F","26000","","","","","","https://cdn.sanity.io/images/856jrik3/production/af34cf034a9b9670df108046d1b0122a4d8f9283-800x800.webp?fm=jpg","https://cdn.sanity.io/images/856jrik3/production/ded20099f9bed69e242dff62639b4b8129aeed45-800x800.webp?fm=jpg","https://cdn.sanity.io/images/856jrik3/production/ed501b2a37df748cf65f74252742dece8665ed01-450x450.webp?fm=jpg","","","OK — siap copy ke template","[SEDANG] Nama 25kg + packing. Harga 1,75jt = SATUAN (iReborn 25kg satuan 1,675jt; sepasang 3,25jt). Pastikan satuan + ukur dus.","deskripsi kosong; berat/dimensi perlu verifikasi: Pastikan satuan + ukur dus."
"58","Dumbell Bench TL-1202","Home Gym & Bench Press","890000","2","TF-A92F79","13000","31","27","123","- Fungsi : Sit Up & Rope  - Fitur : Incline, Dicline Dan Flat  - Buku Panduan Manual  - Maksimal Berat : 100 Kg  - Dimensi Produk : 120 X 43 X 97 Cm  - Dimensi Kemasan : 31 X 27 X 123 Cm  - Nw/gw : 12/13 Kg","","https://cdn.sanity.io/images/856jrik3/production/2662ac78ccf24fadc2813f6851ca3ad697a60b9d-500x500.jpg","https://cdn.sanity.io/images/856jrik3/production/ba224084b5c0815859fa79908c76b8e787744f30-900x900.webp?fm=jpg","https://cdn.sanity.io/images/856jrik3/production/5f7ff3e41b8ce0f9d4b2c2aab6315380cb8b13a8-900x900.webp?fm=jpg","https://cdn.sanity.io/images/856jrik3/production/c0994c73ccb69b2a3cbf4e0ed82e0c5a1a1d9cdf-900x900.webp?fm=jpg","https://cdn.sanity.io/images/856jrik3/production/3df5d0bbe2911db459f6717f93dffd420191aaf2-1024x1024.webp?fm=jpg","OK — siap copy ke template","[TINGGI] Deskripsi milik sendiri: kemasan 31×27×123cm, NW/GW 12/13kg (pakai GW). Foto terisi otomatis dari Sanity.",""
"59","Dumbell Hexa Rubber 2,5kg - 40kg ( Harga per kg )","Dumbell & Weight Plate","60000","10","TF-49DB76","2500","","","","NOTE :  - Produk ini ada beberapa varian dengan berbeda ukuran dan harga,  Mohon dipilih sesuai kebutuhan - Harga yang tertera merupakan harga per kg dumbell  - Untuk selanjutnya harga bisa dihitung sesuai berat barang - Untuk Dumbell tersedia ukuran 2.5-40kg  - Mohon Chat admin terlebih dahulu untuk stock yang tersedia  Spesifikasi : + High quality rubber  + Desain hexagonal + Grip stick solid chrome + Import Quality","","https://cdn.sanity.io/images/856jrik3/production/1b59922f9a91d4db457f515a5004e7d8cb063028-450x336.jpg","https://cdn.sanity.io/images/856jrik3/production/03497b0366e01ccf06869486166df4b1a0ec5487-1024x1024.jpg","https://cdn.sanity.io/images/856jrik3/production/feff86935bda009854e6880fb0f2799b8b98d0db-1024x1024.jpg","","","OK — siap copy ke template","[TINGGI (varian 2,5kg)] Varian terkecil 2,5kg. HARGA PER KG — pecah jadi banyak variasi (2,5-40kg)!",""
"60","Dumbell Neoprene 1kg, 2kg, 3kg, 4kg, 5kg","Dumbell & Weight Plate","35000","20","TF-C25940","1000","","","","Note : -Harga tertera adalah harga per kg dan 1 pc dumbell bukan sepasang, jika ingin beli sepasang silahkan beli 2 pc ya -Untuk Stock dan Harga Chat admin  -Dikirim warna sesuai yang ready.  Spesifikasi  - Berat 1,2,3,4,5kg - Ukuran : 14 x 5 cm - Bahan Besi dilapisi Neoprene  - Grip nyaman, tidak licin - Import Quality","","https://cdn.sanity.io/images/856jrik3/production/69977595695b881cee6c33b646b3b83dac66ccf3-450x450.jpg","https://cdn.sanity.io/images/856jrik3/production/4bf7c460973da5bd8259abf4ad9051c689156916-450x450.jpg","https://cdn.sanity.io/images/856jrik3/production/08ebe11498694446de51269d3bfa45d1c74b83a0-450x450.jpg","https://cdn.sanity.io/images/856jrik3/production/d27a3236acff4112cd8fd1b492b5c26618e00625-450x450.jpg","https://cdn.sanity.io/images/856jrik3/production/6b298310cd422bc742d87a2b794c6b8daeb44e54-450x450.jpg","OK — siap copy ke template","[TINGGI (varian 1kg)] Varian terkecil 1kg, 1 pc (bukan sepasang). Buat 5 variasi (1-5kg, per pc)! Timbang tiap varian + packing.",""
"61","Dumbell Plastik AB King 1kg, 2kg, 3kg, 4kg, 5kg, 6kg, 8kg, 10kg","Dumbell & Weight Plate","14000","10","TF-CDF45B","1000","","","","Dumbell Plastik AB King - Bahan plastik / pvc tebal dan kuat - Harga termasuk isi - Harga yang tertera adalah harga per kg - Untuk stock dan harga mohon chat admin","","https://cdn.sanity.io/images/856jrik3/production/5310140f79034d183e5a775a89ebca49c8da910a-768x1024.jpg","https://cdn.sanity.io/images/856jrik3/production/c4fafceddaaa5bb2e95322b8a6182ed122058ac9-450x450.jpg","https://cdn.sanity.io/images/856jrik3/production/6848d0023266fc75e0c747a7d0c9cfbeac6ed2f2-450x450.webp?fm=jpg","https://cdn.sanity.io/images/856jrik3/production/a0e6d29171b3c7f508dd0c3f80af5f68644315dd-1024x1024.webp?fm=jpg","","OK — siap copy ke template","[TINGGI (varian 1kg)] Varian terkecil 1kg. HARGA PER KG — pecah 8 variasi (1,2,3,4,5,6,8,10kg)!",""
"62","Dumbell Set 2,5 - 25kg + Rack U3077","Commercial Fitness","23000000","0","TF-03A970","343000","72","248","81","Dumbbell Rack features a simple and easy-to-access design which can hold 10 pairs of 20 dumbbells in total. The angled plane angle and suitable height are convenient for all users to use easily. Dumbbell sizes start from size : 2,5kg (2 pcs) , 5,0kg (2 pcs) , 7,5kg (2 pcs) , 10kg (2 pcs) , 12,5kg (2 pcs), 15kg (2 pcs) , 17,5kg (2 pcs), 20kg (2 pcs) , 22,5kg (2 pcs), 25kg (2 pcs) Dimension : 72 x 248 x 81 cm Weight : 68kg Features : High Adaptability , Detail Optimization, Beauty and Durable","","https://cdn.sanity.io/images/856jrik3/production/913441b2907115b90b865db75925671307f6d4fd-750x291.webp?fm=jpg","","","","","OK — siap copy ke template","[TINGGI] HITUNG deskripsi: 10 pasang = 275kg + rak 68kg (dims rak 72×248×81). Wajib truk + asuransi, multi-koli.","STOK 0 — isi stok dulu (stok 0 tidak bisa dibeli)"
"63","Dumbell Set 22,5kg - 40kg + Rack","Commercial Fitness","35000000","0","TF-946515","568000","248","81","72","Dumbbell Rack features a simple and easy-to-access design which can hold 10 pairs of 20 dumbbells in total. The angled plane angle and suitable height are convenient for all users to use easily.  Dumbbell sizes start from size : 22,5kg (2 pcs) , 25kg (2 pcs) , 27,5kg (2 pcs) , 30kg (2 pcs) , 32,5kg (2 pcs), 35kg (2 pcs) , 37,5kg (2 pcs), 40kg (2 pcs)   Dimension : 72 x 248 x 81 cm Weight : 68kg Features : High Adaptability , Detail Optimization, Beauty and Durable","","https://cdn.sanity.io/images/856jrik3/production/d5dcd9beaaff9cec534b7b69579d66fc3b4d4574-388x301.jpg","","","","","OK — siap copy ke template","[TINGGI] Hitung dari deskripsi sendiri: 8 pasang dumbbell 22,5–40kg (total 500kg) + rak 68kg. Dimensi rak 72×248×81. Total 568kg MULTI-KOLI (rak + tiap pasang dumbbell) — wajib kargo/truk.","STOK 0 — isi stok dulu (stok 0 tidak bisa dibeli)"
"64","Dumbell Set Box Iron 20kg","Dumbell & Weight Plate","750000","0","TF-86672A","22000","","","","1 Box terdiri dari : 2x Stick Dumbell 35cm 1x Stick  Penyambung 4x Collar pengunci 4x Plate besi 0,5kg 4x Plate besi 1,25kg 4x Plate besi 2,5kg Total berat keseluruhan paket 20kg","","https://cdn.sanity.io/images/856jrik3/production/a05a2278866349b9e4d7d511123a24318bfca775-800x800.jpg","","","","","OK — siap copy ke template","[SEDANG] HITUNG isi: plat 2+5+10=17kg + stik & kunci ≈ 20kg + dus box. Timbang 1 box untuk pastikan + ukur dus.","STOK 0 — isi stok dulu (stok 0 tidak bisa dibeli); berat/dimensi perlu verifikasi: Timbang 1 box untuk pastikan + ukur dus."
"65","Dumbell Set Box Iron 50kg","Dumbell & Weight Plate","2066000","5","TF-2BF81A","53000","","","","1 Box terdiri dari : 2x Stick Dumbell 35cm 1x Stick 150cm (Dibagi jadi 2 bagian +1 Penyambung) 6x Collar pengunci 6x Plate besi 0,5kg 6x Plate besi 1,25kg 4x Plate besi 2,5kg 4x Plate besi 5kg Total berat keseluruhan paket 50kg","","https://cdn.sanity.io/images/856jrik3/production/5a6241797ab1f5a5fa6e11e66a2756a39b217565-1024x1024.jpg","https://cdn.sanity.io/images/856jrik3/production/27946b89ed24486de82646443eb3eb9abe71930e-1024x1024.jpg","https://cdn.sanity.io/images/856jrik3/production/7b6fde64ca780af73701093de128ec827acb3f87-1024x1024.jpg","https://cdn.sanity.io/images/856jrik3/production/1e51ae00d233a27e6e4ce73efee766a4acf761c7-1024x1024.jpg","","OK — siap copy ke template","[SEDANG] HITUNG isi: plat 3+7,5+10+20=40,5kg + stik & kunci ≈ 50kg + dus box. Timbang 1 box untuk pastikan + ukur dus.","berat/dimensi perlu verifikasi: Timbang 1 box untuk pastikan + ukur dus."
"66","Dumbell Set Box Iron 58kg","Dumbell & Weight Plate","2487500","5","TF-574742","60000","","","","","","https://cdn.sanity.io/images/856jrik3/production/3b93216bcdab1956c598144d6c012b13da874291-800x800.jpg","https://cdn.sanity.io/images/856jrik3/production/79089af1ad08652a8cee34ed5159e8a1d5161dd7-800x800.jpg","https://cdn.sanity.io/images/856jrik3/production/b8c56dad3cf23632ebf735a3ba953277ce7662f2-800x800.jpg","https://cdn.sanity.io/images/856jrik3/production/458763d2989f1edade4413bd128111d498d9c847-800x800.jpg","","OK — siap copy ke template","[SEDANG] Nama 58kg + dus box (acuan: box set 50kg ≈ 55kg aktual). Cek isi box + timbang + ukur dus.","deskripsi kosong; berat/dimensi perlu verifikasi: Cek isi box + timbang + ukur dus."
"67","Dumbell Set Chrome 20kg","Dumbell & Weight Plate","1050000","6","TF-C6BD8B","21000","","","","Dumbell Set Chrome 20 Kg terdiri dari 4 pcs piring beban 2,5 kg 4 pcs piring beban 1,25 kg 2 batang dumbbell (besi berlapis karet anti-slip) 4 pengunci (spin lock) Cocok untuk pemula & latihan ringan-menengah","","https://cdn.sanity.io/images/856jrik3/production/ad41bf7eed5a6164bf8637af3747d7109c190bda-700x700.webp?fm=jpg","https://cdn.sanity.io/images/856jrik3/production/f36e94819504b98d2c05baf7b7b797c5352b0056-700x700.webp?fm=jpg","https://cdn.sanity.io/images/856jrik3/production/3c92fc9eec83a2c36cd0d8cff4c6a3b2a5d1ca2d-700x700.webp?fm=jpg","https://cdn.sanity.io/images/856jrik3/production/d2abe81d63e8133b76a5671ecc3f85b182988f42-700x700.webp?fm=jpg","","OK — siap copy ke template","[TINGGI] HITUNG isi: plat 10+5=15kg + 2 stik & kunci ≈ 20kg + packing. Ukur dus saat packing.",""
"68","Dumbell Set Chrome 30kg","Dumbell & Weight Plate","1550000","6","TF-5CAB82","33000","","","","Dumbell Set Chrome 30 Kg terdiri dari , 4 pcs piring beban 5 kg 4 pcs piring beban 2,5 kg 2 batang dumbbell 4 pengunci Beberapa versi dilengkapi sambungan (connector) untuk jadi barbell","","https://cdn.sanity.io/images/856jrik3/production/ad41bf7eed5a6164bf8637af3747d7109c190bda-700x700.webp?fm=jpg","https://cdn.sanity.io/images/856jrik3/production/a818ba671e53677648e06559e8d0a9f1db955ed0-700x700.webp?fm=jpg","https://cdn.sanity.io/images/856jrik3/production/d2abe81d63e8133b76a5671ecc3f85b182988f42-700x700.webp?fm=jpg","","","OK — siap copy ke template","[SEDANG] HITUNG isi: plat 20+10=30kg + 2 stik & kunci ≈ 33kg. Timbang (isi plat sudah 30kg + stik).","berat/dimensi perlu verifikasi: Timbang (isi plat sudah 30kg + stik)."
"69","Dumbell Set Chrome 50kg","Dumbell & Weight Plate","2400000","6","TF-46ED78","42000","","","","Dumbell Set Chrome 50 Kg terdiri dari, 4 pcs piring beban 5 kg 4 pcs piring beban 2,5 kg 4 pcs piring beban 1,25 kg 2 batang dumbbell Connector bar untuk menjadikannya barbell panjang Pengunci ulir anti-slip","","https://cdn.sanity.io/images/856jrik3/production/ad41bf7eed5a6164bf8637af3747d7109c190bda-700x700.webp?fm=jpg","https://cdn.sanity.io/images/856jrik3/production/b1672d55712a68d690f5b7b834d7ece9a2436086-1000x1000.webp?fm=jpg","https://cdn.sanity.io/images/856jrik3/production/ebe4c91dbad89fbbd1b43f2cf106fcf0aa07bbcd-1000x1000.webp?fm=jpg","https://cdn.sanity.io/images/856jrik3/production/d2abe81d63e8133b76a5671ecc3f85b182988f42-700x700.webp?fm=jpg","","OK — siap copy ke template","[SEDANG] HITUNG isi: plat 20+10+5=35kg + stik, konektor & kunci ≈ 42kg. KONFLIK: nama 50kg tapi isi ±42kg — PEMILIK pastikan!","berat/dimensi perlu verifikasi: KONFLIK: nama 50kg tapi isi ±42kg — PEMILIK pastikan!"
"70","Dumbell Set Hexa Rubber 2,5 - 25kg + Rack","Dumbell & Weight Plate","19500000","1","TF-A111BA","343000","","","","","","https://cdn.sanity.io/images/856jrik3/production/92e660ce30f29b48cd3d113310069bb7ef1fc9eb-202x180.jpg","","","","","OK — siap copy ke template","[SEDANG] HITUNG bel: 10 pasang 2,5-25kg = 275kg + rak ACUAN ±68kg (sekelas U3077). Timbang rak untuk pastikan. Truk, multi-koli.","deskripsi kosong; berat/dimensi perlu verifikasi: Timbang rak untuk pastikan. Truk, multi-koli."
"71","Dumbell Set Hexagonal 1-10kg + Rack","Dumbell & Weight Plate","10050000","2","TF-52C0F7","130000","70","64","150","","","https://cdn.sanity.io/images/856jrik3/production/dd542751ae964538765b319e7138ff43c3902b22-756x688.jpg","https://cdn.sanity.io/images/856jrik3/production/ec4a47c5f128839a67b7c046a3e4bd53337ad179-500x500.webp?fm=jpg","https://cdn.sanity.io/images/856jrik3/production/256e466641edb0f5ee6bd638f9d7810ed3598a55-900x900.webp?fm=jpg","https://cdn.sanity.io/images/856jrik3/production/70a88d0b3866b1c7fb989e8fd4b86d832f5dd6b9-1280x1280.jpg","https://cdn.sanity.io/images/856jrik3/production/ca9c60854b194f5417fe7249f95c5474f6958a81-1280x1280.jpg","OK — siap copy ke template","[TINGGI] Total Fitness Official (Tokopedia): set hex 1-10kg + rak segitiga = 130kg, 70×64×150cm. Cocokkan dgn barang di gudang.","deskripsi kosong"
"72","Dumbell Set PVC 20kg","Dumbell & Weight Plate","250000","0","TF-446766","21000","40","25","15","Dumbell set PVC 20kg : + 2pc Stick Dumbell + 1pc stick penyambung + 4pcs Plate 1,25kgkg + 4pcs Plate 1,5kg + 4pcs Plate 2kg","","https://cdn.sanity.io/images/856jrik3/production/881fabdd384e90f3b9883f91e26fe754193f7c6a-1024x1024.jpg","","","","","OK — siap copy ke template","[TINGGI] Hitung isi sendiri: plat 5+6+8=19kg + stik ≈ 20kg. Bhinneka (set TF 20kg): 21kg, dus 40×25×15. Foto terisi otomatis dari Sanity.","STOK 0 — isi stok dulu (stok 0 tidak bisa dibeli)"
"73","Dumbell Set PVC 40kg","Dumbell & Weight Plate","450000","4","TF-95736E","40000","","","","Dumbell set PVC 40kg : + 2pc Stick Dumbell + 1pc stick penyambung + 8pcs Plate 3kgkg + 4pcs Plate 2.5kg + 4pcs Plate 1.25kg","","https://cdn.sanity.io/images/856jrik3/production/e893c23f2012f468675513cd2f0337361251b5ec-800x705.jpg","","","","","OK — siap copy ke template","[TINGGI] Hitung isi sendiri: plat 24+10+5=39kg + stik ≈ 40kg, cocok nama. Ukur dus saat packing.",""
"74","Dumbell Set Plastik 10kg","Dumbell & Weight Plate","275000","10","TF-DC1086","10000","","","","Dumbell Set PVC Merk total fitness Isi Dumbell set 10kg • plat 1,0kg (4pcs) • plat 1,25kg (4pcs) • mor pengunci 8 pcs • 2 stik pegangan • 1 stik penyambung","","https://cdn.sanity.io/images/856jrik3/production/6d6508db469cb7a8246dc919113d2cb9df8b49d4-971x839.jpg","https://cdn.sanity.io/images/856jrik3/production/3654248d29a47f8593d201ec557c37588ac707b6-800x800.jpg","https://cdn.sanity.io/images/856jrik3/production/33e867d4761e2c945a2d025a27e688c015fe2d31-800x594.jpg","","","OK — siap copy ke template","[TINGGI] Hitung isi sendiri: plat 4+5=9kg + stik ≈ 10kg, cocok nama. Ukur dus saat packing.",""
"75","Dumbell Set Plastik 20kg","Dumbell & Weight Plate","350000","6","TF-E5C380","21000","40","25","15","Dumbell Set PVC Merk Total Fitness  Isi Paket 20 KG : - plat 1,25 kg 4 pcs - plat 1,5kg 4 pcs - plat 2kg 4 pcs - mor pengunci 8 pcs • 2 stik pegangan • 1 stik penyambung Panjang Stick : 41cm Panjang Konektor : 40cm Panjang Gabungan Stick : 93cm","","https://cdn.sanity.io/images/856jrik3/production/4d3811e5ca583aefa902a41fd15a218c7a73dbcd-500x500.jpg","https://cdn.sanity.io/images/856jrik3/production/33e867d4761e2c945a2d025a27e688c015fe2d31-800x594.jpg","","","","OK — siap copy ke template","[TINGGI] Hitung isi sendiri: plat 5+6+8=19kg + stik ≈ 20kg. Bhinneka (set TF 20kg): 21kg, dus 40×25×15. Foto terisi otomatis dari Sanity.",""
"76","Dumbell Set Plastik 30kg","Dumbell & Weight Plate","450000","6","TF-87BDA8","30000","","","","Dumbell Set PVC Merk Total Fitness Isi paket 30 Kg : - plate 1,25kg 4 pcs - plate 1,5kg 4 pcs - plate 2kg 4 pcs - plate 2,5kg 4 pcs - mor pengunci 8 pcs • 2 stik pegangan • 1 stik penyambung","","https://cdn.sanity.io/images/856jrik3/production/09799e9fb948048cadd3667698d5e0895596e5a6-800x583.jpg","https://cdn.sanity.io/images/856jrik3/production/33e867d4761e2c945a2d025a27e688c015fe2d31-800x594.jpg","","","","OK — siap copy ke template","[TINGGI] Hitung isi sendiri: plat 5+6+8+10=29kg + stik ≈ 30kg, cocok nama. Ukur dus saat packing.",""
"77","Dumbell Set Plastik 40kg","Dumbell & Weight Plate","600000","6","TF-7B6E01","30000","","","","Dumbell Set PVC Merk Total Fitness Isi Paket 40 Kg : - plat 1,5kg 4 pcs - plat 2,5kg 4 pcs - plat 3,0kg 4 pcs - mor pengunci 8 pcs • 2 stik pegangan • 1 stik penyambung","","https://cdn.sanity.io/images/856jrik3/production/ec055d3e29faa8b253d922592a08ca8d8d5d41b0-900x900.jpg","https://cdn.sanity.io/images/856jrik3/production/33e867d4761e2c945a2d025a27e688c015fe2d31-800x594.jpg","","","","OK — siap copy ke template","[SEDANG] Hitung isi sendiri: plat 6+10+12=28kg + stik ≈ 30kg. KONFLIK: nama 40kg tapi isi cuma ±30kg — PEMILIK pastikan!","berat/dimensi perlu verifikasi: KONFLIK: nama 40kg tapi isi cuma ±30kg — PEMILIK pastikan!"
"78","Dumbell Set Rubber 2,5 - 20kg + Rack","Dumbell & Weight Plate","15680000","2","TF-D0943A","220000","","","","Dumble Set 2.5 - 20 Kg Total Fitness Rincian Beban : 2.5 Kg X 2 = 5 Kg. 5 Kg X 2 = 10 Kg. 7.5 Kg X 2 = 15 Kg. 10 Kg X 2 = 20 Kg. 12.5 Kg X 2 = 25 Kg. 15 Kg X 2 = 30 Kg. 17.5 Kg X 2 = 35 Kg. 20 Kg X 2 = 40 Kg. Totalnya = 180 Kg.","","https://cdn.sanity.io/images/856jrik3/production/d135205ff1b21fd0429c424b979039bcedd0d11f-1599x1241.jpg","https://cdn.sanity.io/images/856jrik3/production/6976f4101f25ca243361179f7c912c43d08423f6-525x525.jpg","","","","OK — siap copy ke template","[SEDANG] Bel 180kg dari hitungan deskripsi sendiri. Rak segitiga komersial ACUAN ±40kg. Timbang rak untuk pastikan. Kargo/truk.","berat/dimensi perlu verifikasi: Timbang rak untuk pastikan. Kargo/truk."
"79","Dumbell Set Rubber 22,5 - 40kg + Rack","Dumbell & Weight Plate","35000000","2","TF-E8274F","575000","","","","Dumble Set 22.5 - 40 Kg Total Fitness Rincian Beban : 22.5 Kg X 2 = 45 Kg. 25 Kg X 2 = 50 Kg. 27.5 Kg X 2 = 55 Kg. 30 Kg X 2 = 60 Kg. 32.5 Kg X 2 = 65 Kg. 35 Kg X 2 = 70 Kg. 37.5 Kg X 2 = 75 Kg. 40 Kg X 2 = 80 Kg. Totalnya = 500 Kg.","","https://cdn.sanity.io/images/856jrik3/production/88bd1942b3ab50a52d6f7c631d34a3063de15a9f-1024x627.jpg","https://cdn.sanity.io/images/856jrik3/production/ffd689244bd7f943822c2b062df004f74e992025-734x811.jpg","","","","OK — siap copy ke template","[SEDANG] Bel 500kg dari hitungan deskripsi sendiri. Rak 2-tier komersial ACUAN ±75kg (pasaran 72-125kg). Timbang rak; kirim via truk, kemungkinan multi-koli.","berat/dimensi perlu verifikasi: Timbang rak; kirim via truk, kemungkinan multi-koli."
"80","Elliptical Crosstrainer Commercial CME","Sepeda Statis & Crosstrainer","20800000","5","TF-DDED83","99000","","","","- Display : LCD LED. Kalori, Detak Jantung, Waktu, Kecepatan, Jarak tempuh, Body fat - Rangka : Pipa Baja - Sistem Rem : Magnet - Sistem Penggerak : Belt - Flywheel System : EDDY MECHANISM 5kg - Crank System : 3pcs crank, Stride Lemgth 20 inch - Training Intensity : 24 level by electricity - Max Berat Pengguna : 150 Kg - Seat System : 0-15% manual incline - Pedal Style : Could Be Adjustable","","https://cdn.sanity.io/images/856jrik3/production/f6fef6a13b5c195a0fd5f3ef85381db2bf0eda6e-494x488.png","https://cdn.sanity.io/images/856jrik3/production/ecf1a9d13e7f0c56442c1f473d4e1aa00179cec4-498x486.png","https://cdn.sanity.io/images/856jrik3/production/b38e4a14faf85d844dc4b1ed6d52e54413119f38-477x490.png","","","OK — siap copy ke template","[SEDANG] ACUAN sekelas: elliptical commercial max-user 150kg (PowerMax EC-1500) GW 99kg. Tanya supplier / timbang. Ukur dus saat packing.","berat/dimensi perlu verifikasi: Tanya supplier / timbang. Ukur dus saat packing."
"81","Elliptical Crosstrainer Magnetic Bike TL-366E","Sepeda Statis & Crosstrainer","3180000","4","TF-EC3529","35000","115","63","154","- Monitor : Time, Speed, Distance, calori, Pulse - Max pengguna : 130 Kg - Dimensi produk : 115 x 63 x 154 cm - Control Tension : 8 Level - NW/GW : 31/35 kg","","https://cdn.sanity.io/images/856jrik3/production/5320ce6a86b1283870e17a5f84daf06f323cc271-1280x1600.jpg","https://cdn.sanity.io/images/856jrik3/production/958509d4c11c0916f7141ba1c11a1b78c8abec07-441x411.png","","","","OK — siap copy ke template","[TINGGI] Deskripsi milik sendiri: 115×63×154cm, NW/GW 31/35kg (pakai GW untuk ongkir). Foto terisi otomatis dari Sanity.",""
"82","Elliptical Crosstrainer Magnetic Bike Tl-8505","Sepeda Statis & Crosstrainer","3180000","2","TF-85523E","34000","116","49","115","Monitor : LED,LCD,Timer,Speed,Pulse Sensor, Calory Burning Sensor Feature : Hand Pulse Sensor Max Weight : 110Kg Dimension : 116 x 49 x 115 cm Dmension Box : 89 x 25 x 52 cm NW/GW  : 31/34 kg","","https://cdn.sanity.io/images/856jrik3/production/56c861746833fbc05bdfbe04fb65ae036dd26a2c-493x494.png","https://cdn.sanity.io/images/856jrik3/production/6ecbf71a050a7574a628484d673d5db6f17d0012-501x482.png","https://cdn.sanity.io/images/856jrik3/production/e1f45c0019f9828e45b9ed308edbc69abae7c5a5-494x485.png","","","OK — siap copy ke template","[TINGGI] Deskripsi milik sendiri: 116×49×115cm, dus 89×25×52, NW/GW 31/34kg (pakai GW). Foto terisi otomatis dari Sanity.",""
"83","Elliptical Machine Jupiterfit","Fitness Outdoor","13500000","0","TF-02EAF7","50000","145","165","55","Dimensi : 145*165*55cm","","https://cdn.sanity.io/images/856jrik3/production/132357acb6e6808f47623da45a58f73790ed4f11-581x591.jpg","","","","","OK — siap copy ke template","[SEDANG] ACUAN sejenis: elliptical outdoor Total Fitness 50kg (katalog NQ Group). Tanya supplier Jupiterfit / timbang untuk pastikan. Kargo + packing kayu.","STOK 0 — isi stok dulu (stok 0 tidak bisa dibeli); berat/dimensi perlu verifikasi: Tanya supplier Jupiterfit / timbang untuk pastikan. Kargo + packing kayu."
"84","Elliptical Machine Total Fitness","Fitness Outdoor","8500000","0","TF-594963","50000","100","55","140","Total Fitness Eliptical Outdoor Spesifikasi : Dimensi : 100 x 55 x 140 Cm Warna : Merah Kuning Kegunaan : Horse Rider / Squad  * Produk sudah termasuk angkur dan pelindung angkur * Produk tidak di dalam dus * Harap Konfirmasi pembelian terlebih dahulu","","https://cdn.sanity.io/images/856jrik3/production/301e255a16f50c2133a47e264fbd7fa245481c76-450x450.webp?fm=jpg","https://cdn.sanity.io/images/856jrik3/production/e78256e0bf37ab5a173381a66dd13a474f58b099-1024x1024.webp?fm=jpg","https://cdn.sanity.io/images/856jrik3/production/674f22ecc77eb3eebdd5556f955a77d7f319a22d-1024x1024.jpg","","","OK — siap copy ke template","[TINGGI] Katalog New Quality Group: Weight 50 kg, dims 100×55×140 sama persis. Tidak dalam dus — kargo + packing kayu, konfirmasi dulu.","STOK 0 — isi stok dulu (stok 0 tidak bisa dibeli)"
"85","Exercise Wheel Ab Wheel Roller","Stick & Accessories","80000","8","TF-408B43","1000","","","","Abs Roller Fitness Double Whell  / Alat Fitness Roda Perut Alat ini berfungsi untuk membantu Anda melatih otot perut. Sangat praktis dan gampang untuk digunakan. Anda dapat melakukan latihan diruang kecil tanpa menggunakan alat yang berlebihan. Kelebihan : 1. Grip - terbuat dari bahan yang nyaman dipegang, sehingga mengurangi cedera 2. Features Strong Material Terbuat dari material yang kuat sehingga mampu untuk menopang berat badan Anda dan dapat digunakan dalam waktu lama. Full Body Workout Dengan alat ini Anda dapat melatih hampir semua otot tubuh seperti otot tangan, perut dan kaki.","","https://cdn.sanity.io/images/856jrik3/production/68f54c16ee5d0714c6c72daf70158ab67dd7ea4f-751x746.jpg","https://cdn.sanity.io/images/856jrik3/production/a6da8e07ba7a1db76f3fa371f3059bf67d3b6c07-1086x740.jpg","","","","OK — siap copy ke template","[SEDANG] ACUAN sejenis: ab wheel double wheel 750g (Speeds) + packing. Ukur dus saat packing.","berat/dimensi perlu verifikasi: Ukur dus saat packing."
"86","Fanbelt / V-belt Treadmill atau Sepeda Statis","Sparepart","250000","2","TF-8266A3","500","","","","Untuk harga barang bisa berubah sesuai dengan type fanbelt dan lajurnya.  Mohon chat admin untuk ketersedian barang.","","https://cdn.sanity.io/images/856jrik3/production/09bb0a9938dd29ca43b6ca63d73be0b5faad9e8b-450x450.webp?fm=jpg","https://cdn.sanity.io/images/856jrik3/production/149d19893f67b4d7aba40e86fced3d7e498df112-450x450.webp?fm=jpg","https://cdn.sanity.io/images/856jrik3/production/70f916fae7062407129e426d709fb563823768c0-450x450.webp?fm=jpg","https://cdn.sanity.io/images/856jrik3/production/73c734dcb540440e70ada4bf2cdcaa01294091ea-450x450.webp?fm=jpg","","OK — siap copy ke template","[SEDANG] ACUAN sparepart kecil: v-belt treadmill + packing ±500g. Ringan — timbang pasti saat packing.","berat/dimensi perlu verifikasi: Ringan — timbang pasti saat packing."
"87","Figure Trimmer Magnetic Ab King","Stick & Accessories","550000","7","TF-A516BE","1000","","","","TRIMMER MAGNET adalah alat olahraga jogging dengan gerakan melingkar, sangat baik untuk menguatkan otot perut, dada, lengan dan kaki, alas kaki dilengkapi magnet terapi repleksi yang akan menjadi hangat apabila sudah bergerak serta mampu melancarkan kelenjar hormon pertumbuhan dan peredaran darah. Kegunaan : - Salah satu alat Fitnes untuk melatih serta membentuk tubuh, khususnya bagian Pingang, Pinggul, Paha, dan Perut. - Cara menggunakannya dengan berdiri di bagian pijakan kaki, kemudian lakukan gerakan dengan menggunakan otot pingang ke kiri-kanan secara berulang-ulang. - Alat ini memiliki pijakan kaki yang menonjol-nonjol, didesain khusus seperti itu agar menjadikan alat ini sebagai alat fitnes sekaligus alat pijat untuk telapak kaki.","","https://cdn.sanity.io/images/856jrik3/production/144e79878dae77990bc1c2446a6d3d85b0b4a3e1-741x593.jpg","https://cdn.sanity.io/images/856jrik3/production/e972760f6e3fa3c2943820b14f8105f42cedcd3c-1024x589.jpg","https://cdn.sanity.io/images/856jrik3/production/99b57cc7e1ea94e6323fd2c332e9cf8cdaf8ccce-935x935.webp?fm=jpg","","","OK — siap copy ke template","[SEDANG] ACUAN sejenis: magnetic twister 0,76-0,86kg (Amazon/eBay) + packing. Ukur dus saat packing.","berat/dimensi perlu verifikasi: Ukur dus saat packing."
"88","Figure Trimmer Twister With Rope","Stick & Accessories","150000","6","TF-3D4924","1000","30","30","4","- 2-in-1 pijat dan alat olahraga - Dilengkapi dengan tali - Dapat memutar hingga 360 derajat - Dilengkapi dengan 8 partikel magnet - Terbuat dari bahan plastik yang kuat, tidak mudah pecah atau rusak - Diameter 28 cm, Ketebalan 3.1 cm - Dapat memutar dua arah - Rekomendasi beban maksimal 100 kg - Berkualitas sangat baik - Dikirim sesuai warna yang ready","","https://cdn.sanity.io/images/856jrik3/production/4668793b7b0558e755899f18534de32c3f5d3be7-300x225.jpg","https://cdn.sanity.io/images/856jrik3/production/c9402ddf5d08ae1c08027f105c308f99ed1e1fbf-182x180.jpg","https://cdn.sanity.io/images/856jrik3/production/95258bd988653e529d847f13dc6dbc1a4ee976b0-180x180.jpg","","","OK — siap copy ke template","[SEDANG] ACUAN sejenis: twister 12-inch 0,86kg, dus 30×30×4cm (eBay Figure Trimmer). Foto terisi otomatis dari Sanity.","berat/dimensi perlu verifikasi: Foto terisi otomatis dari Sanity."
"89","Flat Bench U3036 DHZ","Commercial Fitness","3500000","0","TF-77A092","54000","162","72","81","Flat Bench is one of the most popular gym benches for free weight exercisers. Optimizing support while allowing free range of motion. assist moving wheels and handles allow the user to move the bench freely and perform a variety of weight bearing exercises in combination with different equipment. Weight : 54kg Dimension : 162 x 72 x 81 cm Features : Efficient Support , Stable and Comfortable , Durable","","https://cdn.sanity.io/images/856jrik3/production/c4136b88ef8ad2d9ca1e63bda3ee4edbf32b5d0d-750x345.webp?fm=jpg","","","","","OK — siap copy ke template","[TINGGI] Deskripsi milik sendiri: 162×72×81cm, 54kg. Kargo + packing kayu.","STOK 0 — isi stok dulu (stok 0 tidak bisa dibeli)"
"90","Functional Trainer Evost U1017C DHZ","Commercial Fitness","26600000","2","TF-1BAD91","360000","156","120","216","Platinum Series Functional Trainer support taller users for diverse workouts, with 21 adjustable cable positions to accomodate most users of all sizes, making it even better when as astandalone device. The double 95kg weight stack provides enough load even for experienced lifters.  Dimension : 156 x 120 x 216 cm Weight : 360 Kg Weight Stack : 95kg x 2","","https://cdn.sanity.io/images/856jrik3/production/f925994cbf7708ec708441d8c0375ea757948cd8-371x397.png","","","","","OK — siap copy ke template","[TINGGI] Deskripsi milik sendiri: 156×120×216cm, 360kg (stack 95kg × 2). Mesin 360kg — wajib truk + asuransi.",""
"91","Game Boxing Music","Stick & Accessories","500000","3","TF-3511B2","6500","","","","Spesifikasi: Jenis: Kategori Sandbag Bahan: PU + PE Warna: Hitam, putih dan biru dan free 1 sepasang sarung tangan Musik adaptif Lampu RGB Suara pukulan dinamis","","https://cdn.sanity.io/images/856jrik3/production/63f812da91a7408b40a5bdb36f2ad0b55d79f1e6-450x450.webp?fm=jpg","https://cdn.sanity.io/images/856jrik3/production/719543f579d8081bec90037d4731f3d004aae58b-1024x1024.webp?fm=jpg","https://cdn.sanity.io/images/856jrik3/production/caabc5a00dc7df0dfb2dd2540785089b967040c6-1024x1024.webp?fm=jpg","","","OK — siap copy ke template","[SEDANG] ACUAN sejenis: music boxing pad + sarung tangan, paket 6,4kg (Amazon). Ukur dus saat packing.","berat/dimensi perlu verifikasi: Ukur dus saat packing."
"92","Gymnastic Ball Yoga Ball Uk.65cm","Stick & Accessories","90000","6","TF-A2AF5C","2000","","","","Gym ball Yoga ball tebal berkualitas model terbaru cocok buat ibu hamil  bahan karet lebih tebal               Gym Ball / Bola Yoga Untuk Olahraga Merk CHAMPS *sudah termasuk pompa* 1 Gym ball 65cm (ukuran sebelum ditiup kurang lebih 65cm, setelah ditiup kurang lebih 75cm) *Spesifikasi produk : Bahan : PVC Diameter : 65cm Kemasan : Plastik OPP Merk : CHAMPS","","https://cdn.sanity.io/images/856jrik3/production/9778630d5e43b24546b00ce13808d70f2f128052-682x620.jpg","https://cdn.sanity.io/images/856jrik3/production/6642ed3e6dceb544e913d92a021dab893eb1b57e-1024x1024.webp?fm=jpg","https://cdn.sanity.io/images/856jrik3/production/ea28c80a059690165722af1152c49a0f388512d0-450x450.webp?fm=jpg","https://cdn.sanity.io/images/856jrik3/production/788fb26f0b0c291d4849ce8bbd40f92aee706989-450x450.webp?fm=jpg","https://cdn.sanity.io/images/856jrik3/production/487bf4fef794d5fa3f73762fbc8113956acb469a-450x450.webp?fm=jpg","OK — siap copy ke template","[SEDANG] ACUAN: gym ball 65cm PVC 1-1,4kg (Svarga/pasarwarga) + pompa + packing. Ukur kemasan saat packing.","berat/dimensi perlu verifikasi: Ukur kemasan saat packing."
"93","Half Rack E6221 DHZ","Commercial Fitness","26000000","0","TF-F36A2C","255000","174","180","247","Half Rack provides an ideal platform for free weight training which is a very popular unit among strength training enthusiasts. The quick-release column design make it easier to switch between different workouts, and the storage space for fitness accsesories at your fingertips also provides convenience for training. It on only ensures the safety of free weight training, but also provides an open training environment as much as possible. Dimension : 174 x 180 x 247 cm Weight Stack : 95kg Features : Quick Release Squat Rack , Ample Storage , Combined Training Support","","https://cdn.sanity.io/images/856jrik3/production/cef06032c5c323366e4d9a31a935fae96f41e6d4-750x750.webp?fm=jpg","","","","","OK — siap copy ke template","[TINGGI] Spesifikasi E6221 (ProSports UAE + marketplace Jakarta): 174×180×247, 255kg — dims sama persis. Wajib truk + asuransi.","STOK 0 — isi stok dulu (stok 0 tidak bisa dibeli)"
"94","Handle Grip","Stick & Accessories","95000","0","TF-BDA2F2","1000","30","20","15","HANDLE GRIP :  Ukuran 23 x 14 cm  Bahan High Quality Nylon  Rubber Grip Harga 2pcs atau 1pasang Termasuk Carabiner 2pcs","","https://cdn.sanity.io/images/856jrik3/production/3bcff93a318bee09a31aaf425380b842cbd01a71-1024x1024.jpg","https://cdn.sanity.io/images/856jrik3/production/d747ce68867d1e2bce4e5c5d43d815feb555c336-1024x1024.jpg","https://cdn.sanity.io/images/856jrik3/production/ddf0fb81c9ada9faaa8ec5d04f8ed675bce33b37-1024x1024.jpg","","","OK — siap copy ke template","[RENDAH (aman untuk ongkir)] Estimasi AMAN untuk aksesoris kecil (minimum hitung kurir 1kg). Ukuran produk 23×14cm dari deskripsi. Opsional: timbang 1 pasang (±0,8-1,2kg).","STOK 0 — isi stok dulu (stok 0 tidak bisa dibeli); berat/dimensi perlu verifikasi: Opsional: timbang 1 pasang (±0,8-1,2kg)."
"95","Handle Karet Pegangan Alat Fitness","Sparepart","130000","10","TF-394DB5","500","","","","Sebagai lapisan karet pegangan suatu alat maupun aksesoris pada alat gym untuk kenyamanan tangan Anda pada waktu latihan agar tidak licin.  Ada 2pilihan Lubang diameter dalam al: Diameter dalam : 19mm Diameter dalam : 25mm Panjang 1 meter","","https://cdn.sanity.io/images/856jrik3/production/eb47a1f3414489bc9f976e24ac3e00d4a03cd532-155x267.jpg","https://cdn.sanity.io/images/856jrik3/production/a064478de4854ad4d2ed78086fedaa1affa589e4-276x433.jpg","https://cdn.sanity.io/images/856jrik3/production/b07642f5d8d80f6fbfbc464f9e66f88c66f96643-448x567.jpg","https://cdn.sanity.io/images/856jrik3/production/bdbb2e20ba661f766c112af2b39ebe3f5c3ec7f1-450x186.jpg","","OK — siap copy ke template","[SEDANG] ACUAN selang karet 1m + packing ±500g. Timbang pasti saat packing.","berat/dimensi perlu verifikasi: Timbang pasti saat packing."
"96","Handle Katrol Pendek","Stick & Accessories","225000","3","TF-597C76","2500","","","","Grade : Komersial Use Material : Besi chrome solid Grip : Rubber Ukuran : 52 x 4 cm Berat : 2.2kg","","https://cdn.sanity.io/images/856jrik3/production/b89eb8ca7b56bc7b13915e56208e8fa0ca9dd253-1024x1024.jpg","https://cdn.sanity.io/images/856jrik3/production/c6a46ee1ae9e4d196548051bf6a8baf13f29dab7-1024x1024.jpg","https://cdn.sanity.io/images/856jrik3/production/bcfe67a273303b0dbf8c69775bc31ff94f730860-1024x1024.jpg","https://cdn.sanity.io/images/856jrik3/production/38ab48ae8c456db5db05516eaaa905e0f195ff2c-1024x1024.jpg","","OK — siap copy ke template","[TINGGI] Deskripsi milik sendiri: 52×4cm, 2,2kg + packing. Foto terisi otomatis dari Sanity.",""
"97","Hanging Swivel Jupiterfit","Fitness Outdoor","13500000","0","TF-395BB2","60000","100","240","65","Dimensi : 100*240*65cm","","https://cdn.sanity.io/images/856jrik3/production/60029c4b6c7a08e14035696fc164a2833fb975a7-581x591.jpg","","","","","OK — siap copy ke template","[SEDANG] ACUAN: frame outdoor tinggi 240cm sekelas parallel bars (±57kg, alatfitnessoutdoor.com). Tanya supplier Jupiterfit / timbang untuk pastikan. Kargo + packing kayu.","STOK 0 — isi stok dulu (stok 0 tidak bisa dibeli); berat/dimensi perlu verifikasi: Tanya supplier Jupiterfit / timbang untuk pastikan. Kargo + packing kayu."
"98","Hip Thrust U3092 DHZ","Commercial Fitness","14500000","2","TF-5BAF33","160000","110","131","188","Hip Thrust focuses on the glute muscles and simulates the most popular free weight glute training paths. Ergonomic pelvic pads provide secure and comfortable support for training start and end. The traditional bench is replaced by a wide back pad, which greatly reduces the pressure on the back and improves the comfort and stability. Dimension : 110 x 131 x 188 cm Weight Stack : 95kg Features : Large Foot Platform, More Focused, Weight Plate Storage","","https://cdn.sanity.io/images/856jrik3/production/67830966196c4ee60be1729975b1b679797b567b-750x750.webp?fm=jpg","","","","","OK — siap copy ke template","[SEDANG] ACUAN: U3092 net 160kg (Aldowly). Dimensi sendiri 110×131×188 BEDA dgn publikasi 181×124×124! KONFLIK DIMENSI — pastikan tipe mesin + timbang! Kargo/truk.","berat/dimensi perlu verifikasi: KONFLIK DIMENSI — pastikan tipe mesin + timbang! Kargo/truk."
"99","Home Gym 1sisi TL-HG-006","Home Gym & Bench Press","5890000","4","TF-647D15","150000","170","90","210","- Dimension : 170 x 90 x 210 cm - Weight Stack : 75 Kg - Function : Triceps pushdown,Lat Pulldown,Leg ext,Butterfly,Standing Leg Curl,Vertical Chest press,AB Crunch,Bicep Curl,Pec Fly,Rowing","","https://cdn.sanity.io/images/856jrik3/production/6b5b6bae803e28293be60d6b1cdcacc5a927a505-1280x1600.jpg","https://cdn.sanity.io/images/856jrik3/production/a49495a6a93814a2791a6f4c800a36007826eb29-1599x1600.jpg","https://cdn.sanity.io/images/856jrik3/production/88846208dd7ec16afec504efaf6acab4899691e1-434x448.png","","","OK — siap copy ke template","[SEDANG] ACUAN: home gym 1-sisi seukuran (HG-009: 165×95×202) + stack 75kg ≈ 150kg. Tanya supplier / timbang. Kargo/truk.","berat/dimensi perlu verifikasi: Tanya supplier / timbang. Kargo/truk."
"100","Home Gym 1sisi TL-HG-009 Beban 75kg","Home Gym & Bench Press","5690000","5","TF-CBB7E9","135000","165","95","202","- Dimensi produk : 165 x 95 x 202 cm - Lempengan beban : 75 Kg - Fungsi : Butterfly, Chest press, Pull dwon, Bicep, Leg Curl, Tricep, Rope - NW/GW : 132/135 Kg","","https://cdn.sanity.io/images/856jrik3/production/1c152033e2877b9a965f4ba66b49ac23f200af3e-448x457.png","https://cdn.sanity.io/images/856jrik3/production/904c077dfdd6b239d18eed8848cb3f05514016a3-436x410.png","https://cdn.sanity.io/images/856jrik3/production/88846208dd7ec16afec504efaf6acab4899691e1-434x448.png","https://cdn.sanity.io/images/856jrik3/production/e3dfb88a5cee98c86c242e6b72238bbceaf6198a-445x458.png","","OK — siap copy ke template","[TINGGI] Deskripsi milik sendiri: 165×95×202cm, NW/GW 132/135kg (pakai GW). TRUK + asuransi + teknisi.",""
"101","Home Gym 1sisi TL-HG-011 Weight Stack 75kg","Home Gym & Bench Press","7550000","3","TF-238453","145000","200","120","210","Dimensi: 200 x 120 x 210 cm Beban (Weight Stack): 75 Kg Frame Tube: 40 x 80 mm Garansi: 12 bulan resmi Total Fitness Tipe: Home Gym All-in-One","","https://cdn.sanity.io/images/856jrik3/production/f4365c616ce66547b4a441ffb4272967eadb9e1e-1280x1600.jpg","https://cdn.sanity.io/images/856jrik3/production/579c1153b996fd91c3ddb063bf271e46eec54c30-438x388.png","https://cdn.sanity.io/images/856jrik3/production/21a18f660b9f0eeb60bbe2117c517b90babc03ac-381x447.png","https://cdn.sanity.io/images/856jrik3/production/a31b1759ea67916d2940952b9f1f6e18ff2bdf51-409x424.png","","OK — siap copy ke template","[SEDANG] ACUAN 1-sisi sekelas: HG-009 (165×95×202) 135kg & HG-014 (230×110×208) 145kg. Tanya supplier / timbang. Kargo/truk.","berat/dimensi perlu verifikasi: Tanya supplier / timbang. Kargo/truk."
"102","Home Gym 3sisi + Sansak Tl-HG-077 Weight Stack 75kg","Home Gym & Bench Press","8900000","0","TF-2067D6","149000","159","237","213","FEATURE 3 station multi home gym exercise. Multifunctional 20 different exercises. Sit-up bench easily adjustable Space-efficient design CONSTRUCTION Stell Frame Tube 3.0 mm Cable Nylon 6.0 mm 720 lbs Bearing Pulley F50 mm Stack Plastic Composite Weight Stack 150 lbs TECH SPECS Dimension 159 X 237 X 213 cm Product Weight 149 kg","","https://cdn.sanity.io/images/856jrik3/production/3e823269a11770606094504abb958e78447d709e-491x492.png","https://cdn.sanity.io/images/856jrik3/production/d49277c93e0175a3709d9618a12fee5e380657a9-498x488.png","https://cdn.sanity.io/images/856jrik3/production/25a0915731fd304a820eafaa78d0423cd6ba36a6-472x489.png","https://cdn.sanity.io/images/856jrik3/production/9c39f9d6db1954f079052f352b982112c8b575f3-333x443.png","","OK — siap copy ke template","[TINGGI] Deskripsi milik sendiri: 159×237×213cm, Product Weight 149kg. Stack 150lbs (68kg) vs nama 75kg — beda kecil, abaikan. Kargo/truk.","STOK 0 — isi stok dulu (stok 0 tidak bisa dibeli)"
"103","Home Gym 3sisi + Squat TL-HG-055","Home Gym & Bench Press","10500000","3","TF-08BD6A","170000","190","240","230","- Dimension : 190 x 240 x 230 cm - Weight Stack : 75 Kg - Function : Triceps pushdown,Lat Pulldown,Leg ext,Butterfly,Standing Leg Curl,Vertical Chest press,AB Crunch,Bicep Curl,Pull Up,Chin Up,Squat,Rowing","","https://cdn.sanity.io/images/856jrik3/production/4a42e91835e1a72306441d79d08e6367d70d3b3a-1280x1600.jpg","https://cdn.sanity.io/images/856jrik3/production/301df394aa8d5071c080ed666b1d606f9c4458cd-1600x1599.jpg","","","","OK — siap copy ke template","[SEDANG] ACUAN: HG-077 3-sisi 149kg; HG-055 + stasiun squat, sedikit lebih berat. Tanya supplier / timbang. Kargo/truk.","berat/dimensi perlu verifikasi: Tanya supplier / timbang. Kargo/truk."
"104","Horse Rider Machine Jupiterfit","Fitness Outdoor","9900000","0","TF-A3EA7F","50000","135","165","55","Dimensi : 135*165*55cm","","https://cdn.sanity.io/images/856jrik3/production/4a3c31123a4d9d851555bff72b3d54102f617482-581x591.jpg","","","","","OK — siap copy ke template","[SEDANG] ACUAN sejenis: horse rider outdoor Total Fitness 50kg (katalog NQ Group). Tanya supplier Jupiterfit / timbang untuk pastikan.","STOK 0 — isi stok dulu (stok 0 tidak bisa dibeli); berat/dimensi perlu verifikasi: Tanya supplier Jupiterfit / timbang untuk pastikan."
"105","Horse Rider Machine Total Fitness","Fitness Outdoor","7700000","0","TF-F99CC8","50000","85","65","115","Total Fitness Fitness Outdoor Spesifikasi : Dimensi : 85 x 65 x 115 Cm Warna : Merah Kuning Kegunaan : Horse Rider / Squad * Produk sudah termasuk angkur dan pelindung angkur * Produk tidak di dalam dus * Harap Konfirmasi pembelian terlebih dahulu","","https://cdn.sanity.io/images/856jrik3/production/38032054f395eadfd896680ac3c92d877f69858b-450x450.webp?fm=jpg","https://cdn.sanity.io/images/856jrik3/production/32a260915077ae67841a2eb68aa9570d130345e8-1024x1024.webp?fm=jpg","","","","OK — siap copy ke template","[TINGGI] Katalog New Quality Group: Weight 50 kg, dims 85×65×115 sama persis. Tidak dalam dus — kargo + packing kayu, konfirmasi dulu.","STOK 0 — isi stok dulu (stok 0 tidak bisa dibeli)"
"106","Incline Level Row U3061.jpg","Commercial Fitness","10200000","0","TF-795DF9","74000","185","79","119","Incline Level Row uses the angled plane to focus more load to the back , effectively activate the back muscles. and the chest pad ensures stable and comfortable support. the dual-foot platform allows users of different sizes to be in correct training position, and the dual-grip motion arm provides multiple possibilities for back training. Weight : 74kg Dimension : 185 x 79 x 119 cm Features : Dual Foot Platform , Chest Pad , Dual-grip Motion Arm","","https://cdn.sanity.io/images/856jrik3/production/8f79b601d2ee2488dac3e24f06ba8cc4b45dbd91-750x695.webp?fm=jpg","","","","","OK — siap copy ke template","[TINGGI] Deskripsi milik sendiri: 185×79×119cm, 74kg. BETULKAN NAMA: ""U3061.jpg"" → ""U3061""! Kargo.","STOK 0 — isi stok dulu (stok 0 tidak bisa dibeli)"
"107","Iso Lateral Bench Press SM-2032","Commercial Fitness","21000000","0","TF-1AC095","148000","122","170","183","Platinum Series Bench Press was blueprinted from human movement. Separate weight horms engage independent diverging and converging motions for equal strength development and muscle stimulation variety.The unique path of motion fills in the gap between the shoulder press and incline press.  Dimension : 122 x 170 x 183 cm Weight : 148 Kg","","https://cdn.sanity.io/images/856jrik3/production/0239c4e148def0dcf45fb5db5939bffec8ce55e6-352x354.png","","","","","OK — siap copy ke template","[TINGGI] Deskripsi produk milik sendiri: Dimension 122×170×183 cm, Weight 148 Kg. Mesin 148kg — wajib kargo/truk + asuransi.","STOK 0 — isi stok dulu (stok 0 tidak bisa dibeli)"
"108","Iso Lateral Chest Back SM-2002","Commercial Fitness","21000000","0","TF-7CAE74","182000","198","137","229","Platinum Series Chest Press was blueprinted from human movement. Separate weight horms engage independent diverging and converging motions for equal strength development and muscle stimulation variety. This machine offers a higher degree of converging motion than the decline press and accommodates larger exercisers.  Dimension : 198 x 137 x 229 cm Weight : 182 Kg","","https://cdn.sanity.io/images/856jrik3/production/c5e78dfadb128a556d3f8c335eaff44e5ed347c1-382x383.png","","","","","OK — siap copy ke template","[TINGGI] Deskripsi produk milik sendiri: Dimension 198×137×229 cm, Weight 182 Kg. Mesin 182kg — wajib kargo/truk + asuransi.","STOK 0 — isi stok dulu (stok 0 tidak bisa dibeli)"
"109","Iso Lateral High Row SM-2006","Commercial Fitness","20500000","0","TF-556D05","166000","163","145","201","Platinum Series High Row was blueprintrd from human movement. Separate weight horms engage independent diverging and converging motions for equal strength development and muscle stimulation variety. It provides a unique path of motion that contrasts the incline press for a workout that'snot easily replicated by other machines.  Dimension : 163 x 145 x 201 cm Weight : 166 Kg","","https://cdn.sanity.io/images/856jrik3/production/65b585c28297bd8292bea1dd521f54e28ff866f1-335x345.png","","","","","OK — siap copy ke template","[TINGGI] Deskripsi produk milik sendiri: Dimension 163×145×201 cm, Weight 166 Kg. Mesin 166kg — wajib kargo/truk + asuransi.","STOK 0 — isi stok dulu (stok 0 tidak bisa dibeli)"
"110","Iso Lateral Row SM-2011","Commercial Fitness","17800000","0","TF-EEDBAB","125000","155","127","132","Platinum Series Low Row was blueprinted from human movement. Separate horms engage independent diverging and converging motion for equal strength development andmuscle stimulation variety. It provides a compact, low-profile design and multiple grips for exercise variety.  Dimension : 155 x 127 x 132 cm Weight : 125 Kg","","https://cdn.sanity.io/images/856jrik3/production/96363cbaee03c69f173647a92a6f4cc3d32c727a-376x366.png","","","","","OK — siap copy ke template","[TINGGI] Deskripsi produk milik sendiri: Dimension 155×127×132 cm, Weight 125 Kg. Mesin 125kg — wajib kargo/truk + asuransi.","STOK 0 — isi stok dulu (stok 0 tidak bisa dibeli)"
"111","Iso Lateral Wide Chest SM-2014","Commercial Fitness","20500000","0","TF-CA70AA","182000","195","114","189","Platinum Series Wide Press was blueprinted from human movement. Separate weight horms engage independent diverging and converging motions for equal strength development and muscle stimulation variety.This machine offers a higher degree of converging motion than the decline press and accommodates larger exercisers.  Dimension : 195 x 114 x 189 cm Weight : 182 Kg","","https://cdn.sanity.io/images/856jrik3/production/149d61aa3e20e32fba5df9b8c7df305c942212c7-359x364.png","","","","","OK — siap copy ke template","[TINGGI] Deskripsi produk milik sendiri: Dimension 195×114×189 cm, Weight 182 Kg. Mesin 182kg — wajib kargo/truk + asuransi.","STOK 0 — isi stok dulu (stok 0 tidak bisa dibeli)"
"112","Kanvas Pemberat Spinning Bike","Sparepart","200000","4","TF-1227B3","200","","","","*Kampas ID 90N Bahan : serat wool Panjang : 11cm  Lebar : 3cm  Tinggi : 2,8cm Berat : 35gr  *Kampas ID 92N Bahan : serat wool Panjang : 11cm Lebar : 2,7cm Tinggi : 3,4cm Berat : 65gr  Harga satuan","","https://cdn.sanity.io/images/856jrik3/production/b7e8aac1a822ebf8cf16a6599dd5ed8d3aad065f-450x329.jpg","https://cdn.sanity.io/images/856jrik3/production/0ca379f2db4487ac652d6d41cb4b301441118b54-800x568.jpg","","","","OK — siap copy ke template","[TINGGI] Deskripsi sendiri: ID 90N 35g / ID 92N 65g + packing (pakai varian terberat). 2 varian (90N/92N) — buat variasi!",""
"113","Karet Pembatas Beban Smith Machine","Sparepart","40000","4","TF-81F233","100","","","","Diameter dalam : 4,8 cm Diameter luar : 6,3 cm Tebal : 1,7 cm Bahan : karet  Berat : 7 gr Fungsi untuk penahan beban agar tidak membentur body Smith Machine","","https://cdn.sanity.io/images/856jrik3/production/60945b62bbbbfd57f5ff0f8c3a6aedd6b7635345-450x281.jpg","","","","","OK — siap copy ke template","[TINGGI] Deskripsi milik sendiri: 7g + packing. Foto terisi otomatis dari Sanity.",""
"114","Karet Penahan Beban Rubber Mounting","Sparepart","100000","4","TF-870EC7","200","","","","Karet Penahan Beban Alat Fitness Commercial Ketebalan 1.9 cm Diameter 6.6 cm Lubang tengah 2.3 cm Harga Satuan","","https://cdn.sanity.io/images/856jrik3/production/6ddb0a997c90232c9de227e48a852ce27b2c3408-640x529.jpg","https://cdn.sanity.io/images/856jrik3/production/b34ef63161578e7b51f12129805edf5835ce05d4-450x276.jpg","","","","KURANG — perbaiki dulu","[SEDANG] HITUNG volume: karet Ø6,6×1,9cm minus lubang ≈ 68g + packing. Harga satuan = per pcs.","berat/dimensi perlu verifikasi: Harga satuan = per pcs."
"115","Karet Power Yoga Power Balance","Sparepart","80000","30","TF-D569D3","200","","","","Karet yang digunakan sebagai pegas dan penahan beban pada power yoga/body balance  Harga satuan Tebal 8mm Ukuran pjg 20cm dan lebar 6,5cm Jarak antara kedua lubang 14,5cm","","https://cdn.sanity.io/images/856jrik3/production/cc594d916b71445dd2e7f71eed424aeae3202f15-450x318.jpg","https://cdn.sanity.io/images/856jrik3/production/6eee8d2f70aa37fbbec2c6b85c4fa4120a27dcc8-800x304.jpg","https://cdn.sanity.io/images/856jrik3/production/ff804b5c76afd4486dac23a355a8b35c10f5a3db-800x353.jpg","https://cdn.sanity.io/images/856jrik3/production/603f71d1e348700becfd8925a0cb3b175675299b-640x194.jpg","","KURANG — perbaiki dulu","[SEDANG] HITUNG volume: karet 20×6,5×0,8cm ≈ 110g + packing. Harga satuan = per pcs.","berat/dimensi perlu verifikasi: Harga satuan = per pcs."
"116","Kettlebell Neoprene 2kg,4kg,6kg,8kg,10kg,12kg ( Harga per kg )","Dumbell & Weight Plate","50000","10","TF-904F67","2000","","","","Note:  -Harga yang tertera adalah harga per kg -Untuk harga selanjutnya bisa dikalikan berat barang -Untuk stock dan harga bisa chat admin terlebih dahulu  Spesifikasi : -Material : Besi lapis bahan Neoprene -Berat : 2 4 6 8 10 12KG  Kelebihan  +Handle pegangan yang nyaman +Alat dapat dikombinasikan dengan beragam gerakan +Alat memiliki perlindungan tambahan sehingga permukaan anti slip (tidak licin) +Banyak pilihan variant ukuran berat","","https://cdn.sanity.io/images/856jrik3/production/3008f6fefac98923b38132fac57f5cfbc229ad28-1024x1024.jpg","https://cdn.sanity.io/images/856jrik3/production/a6c1b35d43fd7f7dcf43dbbef0e2cf3837cfc804-1024x1024.jpg","https://cdn.sanity.io/images/856jrik3/production/4e57d874675f0e9221d458fea347463f7be814e6-1024x1024.jpg","https://cdn.sanity.io/images/856jrik3/production/d298b80f54fb4aa4efb98d7fe50d178c1152815b-1024x1024.jpg","","OK — siap copy ke template","[TINGGI (varian 2kg)] Varian terkecil 2kg. HARGA PER KG — pecah 6 variasi (2,4,6,8,10,12kg)!",""
"117","Klem Penahan Tali Sling WH-1","Sparepart","75000","4","TF-9A2827","100","","","","End Pin PENAHAN Panjang : 1.5 CM Diameter lubang : 5 MM Bahan : Besi Chromed Tebal 3 MM","","https://cdn.sanity.io/images/856jrik3/production/329866b504cddeabf21922294b0d3910634fd10c-764x711.jpg","","","","","OK — siap copy ke template","[SEDANG] ACUAN sparepart besi kecil + packing ±100g. Foto terisi otomatis dari Sanity.","berat/dimensi perlu verifikasi: Foto terisi otomatis dari Sanity."
"118","Klem Tali Sling WH-2 / Cabel Retainer WH-2","Sparepart","135000","10","TF-219B73","200","","","","WH 2 (Weight Hanger) • Panjang : 7cm • Bahan : Chrome • Alat utk mengikat tali seling pemberat  alat fitness.  • Cocok untuk tali seling 4 dan 6 mm. • Gampang di pasang lepas dengan memakai kunci L. (kunci L tidak dilengkapi). • Dapat di pakai berulang ulang.    Diameter lebar luar luar 19mm","","https://cdn.sanity.io/images/856jrik3/production/24bda02e8d1a1dae5703228651c8caf85c61b96b-608x763.jpg","https://cdn.sanity.io/images/856jrik3/production/5c3c6754b16c08936a7df29dddf8b4f258f23c69-450x450.webp?fm=jpg","","","","OK — siap copy ke template","[SEDANG] HITUNG volume: chrome Ø1,9×7cm ≈ 155g (minus lubang) + packing. Foto terisi otomatis dari Sanity.","berat/dimensi perlu verifikasi: Foto terisi otomatis dari Sanity."
"119","Klem Tali Sling WH-3 Halus / Cabel Retainer","Sparepart","135000","10","TF-9579A0","200","","","","WH 3 (Weight Hanger) • Panjang : 7cm • Bahan : Chrome • Alat utk mengikat tali seling pemberat  alat fitness.  • Cocok untuk tali seling 4 dan 6 mm. • Gampang di pasang lepas dengan memakai kunci L. (kunci L tidak dilengkapi). • Dapat di pakai berulang ulang.","","https://cdn.sanity.io/images/856jrik3/production/e8835aa3a141bf20e6c84316909297acacb31036-608x1080.jpg","","","","","OK — siap copy ke template","[SEDANG] HITUNG volume: chrome Ø×7cm sekelas WH-2 ≈ 150g + packing. Foto terisi otomatis dari Sanity.","berat/dimensi perlu verifikasi: Foto terisi otomatis dari Sanity."
"120","Klem Tali Sling WH-3 Kasar / Cabel Retainer","Sparepart","135000","10","TF-1F9231","200","","","","WH 3 (Weight Hanger) • Panjang : 7cm • Bahan : Chrome • Alat utk mengikat tali seling pemberat  alat fitness.  • Cocok untuk tali seling 4 dan 6 mm. • Gampang di pasang lepas dengan memakai kunci L. (kunci L tidak dilengkapi). • Dapat di pakai berulang ulang.","","https://cdn.sanity.io/images/856jrik3/production/e8835aa3a141bf20e6c84316909297acacb31036-608x1080.jpg","","","","","OK — siap copy ke template","[SEDANG] HITUNG volume: chrome Ø×7cm sekelas WH-2 ≈ 150g + packing. Foto terisi otomatis dari Sanity.","berat/dimensi perlu verifikasi: Foto terisi otomatis dari Sanity."
"121","Klem U Pengait Tali Sling","Sparepart","10000","50","TF-66B15D","100","","","","Bahan : Besi Warna : Silver Panjang : 2,3 cm Diameter lengkungan : 0.6 cm / 6 mm Berat barang : 10 gram","","https://cdn.sanity.io/images/856jrik3/production/108c13dcfc3f577992d10fef1be7b5cf66d13432-450x349.jpg","https://cdn.sanity.io/images/856jrik3/production/e2788216c46f048deab17a617383af9bcfe518b5-480x485.jpg","","","","OK — siap copy ke template","[TINGGI] Deskripsi milik sendiri: 10g + packing. Foto terisi otomatis dari Sanity.",""
"122","Klem U Segel D Tali Sling","Sparepart","20000","4","TF-D2D8CA","100","","","","Spesifikasi Produk: • Ukuran : 6mm, 8mm • Segel D dengan ukuran diameter badan sesuai dengan judul barang (satuan millimeter dan inci) / D Shackle Clamp / Sambungan Rantai Besi Galvanis • Segel D biasa digunakan untuk menyambung rantai, mengunci dan menyambung tali pengaman, kawat seling, penggunaan pada aktivitas outdoor, pengangkutan barang cargo , menggantung objek, dan lainnya (multifungsi). • Cocok untuk aktivitas industri, kegiatan outdoor, konstruksi ,bengkel, dll • Pin pada segel D dapat dibuka dan ditutup, dengan cara diputar • Kualitas produk bagus dan siap pakai • Material besi galvanized","","https://cdn.sanity.io/images/856jrik3/production/0b0d0e278a6276c73a93465bdab53bbac2a7989f-636x640.jpg","https://cdn.sanity.io/images/856jrik3/production/863fd59cdb3109f69727063a674f56aceca0a530-450x253.jpg","","","","OK — siap copy ke template","[TINGGI] Standar industri: D-shackle 6mm=25g, 8mm=59g (Harken/steelropes24) + packing. 2 ukuran (6mm/8mm) — buat variasi!",""
"123","Lat & Pulley Machine U3085C DHZ","Commercial Fitness","18800000","2","TF-5F669A","244000","197","135","224","Platinum Series Lat & Pulley Machine is a dual-fuction machine with lat pulldown and mid-row exercise position. It features an easy-to-adjust thighhold down pad, extended seat and foot bar to facilitate both exercises. Without leaving the seat, you can quickly switch to another training through simple adjustment to maintain training continuity.  Dimension : 197 x 135 x 224 cm Weight : 244 kg Weight Stack : 110 kg","","https://cdn.sanity.io/images/856jrik3/production/25f15a4a4ceb63a8e205b74dad4c27f81a52ee4e-396x440.png","","","","","OK — siap copy ke template","[TINGGI] Deskripsi milik sendiri: 197×135×224cm, 244kg (stack 110kg). Wajib truk + asuransi.",""
"124","Lat Bar Handle Katrol BM-A222","Stick & Accessories","355000","0","TF-C5260D","5000","70","16","","Lat Bar 24"" Grade : Komersial Use Material : Besi chrome solid Grip : Rubber Ukuran : 70 x 16 cm Berat : 4.4kg","","https://cdn.sanity.io/images/856jrik3/production/92a9c61a9fa3dd1b18611d75090934ef10e011c4-1024x1024.jpg","https://cdn.sanity.io/images/856jrik3/production/37bb1c27b88d95cef77f0fef7e14452bac75bcce-1024x1024.jpg","https://cdn.sanity.io/images/856jrik3/production/b55d552f1706ed39cb90bfc3bbf06460905aff1a-1024x966.jpg","https://cdn.sanity.io/images/856jrik3/production/3a488cf89af67a5e0b3eb8104240a06d863a15c6-1024x1024.jpg","","OK — siap copy ke template","[TINGGI] Deskripsi milik sendiri: 70×16cm, 4,4kg + packing. Ukur dus saat packing.","STOK 0 — isi stok dulu (stok 0 tidak bisa dibeli)"
"125","Lat Pull Down 2 Seat Total Fitness","Fitness Outdoor","15000000","2","TF-F81482","50000","210","70","200","Dimensi : 210x70x200cm","","https://cdn.sanity.io/images/856jrik3/production/c2fe6f50f01c8cf02460c15da07f0d022b63f62d-718x1080.jpg","","","","","OK — siap copy ke template","[TINGGI] Katalog New Quality Group: Weight 50 kg, Dimensions 210×70×200 cm (sama persis dgn deskripsi). Alat outdoor knockdown — kirim via kargo/truk.",""
"126","Lat Pull Down Bar BM-A218","Stick & Accessories","485000","0","TF-BEC297","5500","125","15","15","LAT PULL DOWN BAR :  Ukuran 121cm  Berat 5,5kg Bahan Besi Chrome Solid  Rubber Grip","","https://cdn.sanity.io/images/856jrik3/production/0ccaf8c205438f5422f0a8cbf6c42e6e8a04d4ee-1024x1024.jpg","https://cdn.sanity.io/images/856jrik3/production/41442f9a39f43e169d7ad4ba9de1a7b630d099d8-800x800.jpg","https://cdn.sanity.io/images/856jrik3/production/e81c4cfdf611ab4276c2d76917cb22e042008dfc-800x676.jpg","","","OK — siap copy ke template","[TINGGI] Deskripsi produk milik sendiri: ukuran 121cm, berat 5,5kg. Dimensi packing pipa estimasi.","STOK 0 — isi stok dulu (stok 0 tidak bisa dibeli)"
"127","Lat Pull Down Two Seats Jupiterfit","Fitness Outdoor","20250000","0","TF-D269D4","65000","235","165","75","Dimensi : 235*165*75cm Ukuran besi 4dim variasi dengan  ketebalan 3.5mm Cat = Powder Coating / Anti Gores lapis vinyl.","","https://cdn.sanity.io/images/856jrik3/production/e9a3d944a321d9cd4fb2366e16d3dcec9a12f5b9-179x232.jpg","","","","","OK — siap copy ke template","[SEDANG] ACUAN dgn margin: stasiun ganda outdoor besar, besi 3.5mm (di atas lini 3mm/50kg). WAJIB tanya supplier / timbang. Foto terlalu kecil (179px) — ganti foto.","STOK 0 — isi stok dulu (stok 0 tidak bisa dibeli); berat/dimensi perlu verifikasi: WAJIB tanya supplier / timbang. Foto terlalu kecil (179px) — ganti foto."
"128","Lat Pull Down U3012C DHZ","Commercial Fitness","17800000","2","TF-C02ACB","235000","193","121","234","Platinum Series Pulldown not only can it be used as a part of t series modular core of a plug-in workstation or a multiperson station,but it is also can be used as an independent lat pull down de[vice. The pulley on the Pulldown is located so that users can make the movement in front of the head smoothly. The thigh pad adjustment accommpdates a wide variety of users, and the replaceable handle allows users to practice with different accessories.  Dimension : 193 x 121 x 234 cm Weight : 235 Kg Weight Stack : 110","","https://cdn.sanity.io/images/856jrik3/production/c2112ddf20554d91353bf61561b83c7a80b10cfe-301x380.png","","","","","OK — siap copy ke template","[TINGGI] Deskripsi milik sendiri: 193×121×234cm, 235kg (stack 110kg). Wajib truk + asuransi.",""
"129","Leg Extention & Leg Curl U3086C DHZ","Commercial Fitness","18800000","2","TF-A9CA01","255000","144","102","163","Leg extension / Leg Curl is a dual-function machine. Designed with convenient shin pad and ankle pad, you can easily adjust from the sitting positions. The shin pad, located below the knee, is designed to help the leg curl, thereby helping find the correct training position for different exercises. Dimension : 144 x 102 x 163 cm Weight : 255kg Weight Stack : 110kg Features : Easy Enterance and Exit, Sitting Adjustment, The Balanced Arm Inquiry Form","","https://cdn.sanity.io/images/856jrik3/production/650f8c9554142442dfb1cdf682f4c32d1a152986-750x750.webp?fm=jpg","","","","","OK — siap copy ke template","[TINGGI] Deskripsi milik sendiri: 144×102×163cm, 255kg (stack 110kg). Wajib truk + asuransi.",""
"130","Leg Extention U3002 DHZ","Commercial Fitness","17800000","2","TF-1F5A39","230000","144","103","163","Leg Extension have multiple starting positions, which can be adjusted freels according to user needs to improve exercise flexibility. The adjustable ankle pad allows the user to choose the most comfotable posture in a small area. The adjustable back cushion alows the knees to be easily aligned with the pivot axis to achieve good biomechanics. Dimension : 144 x 103 x 163 cm Weight : 230kg Weight Stack : 110kg Features : Seat Angle, Adjustable Start Position, Ensures Proper Alignment","","https://cdn.sanity.io/images/856jrik3/production/0a1e949141657f7d82ca8609c3eb3a24e6ad9618-750x750.webp?fm=jpg","","","","","OK — siap copy ke template","[TINGGI] Deskripsi milik sendiri: 144×103×163cm, 230kg (stack 110kg). Wajib truk + asuransi.",""
"131","Leg Press Hack Squat 2in1 BM-LPHS2030","Commercial Fitness","11500000","0","TF-D901D7","","190","102","143","Material: Rangka baja berkualitas tinggi Dimensi Produk : 190cm x 102cm x 143cm Panjang Horn : 42cm Kapasitas Beban Maksimal: 350kgs Fitur Tambahan: Adjustable footplate, Adjustable Backrest, Weight plate storages","","https://cdn.sanity.io/images/856jrik3/production/55f7644ccc46dfe3037c6723f0e406ba24c56375-800x800.jpg","https://cdn.sanity.io/images/856jrik3/production/b98375c1ebea5b1747e7e2fc2e90c9a1e04fc8f8-800x754.jpg","https://cdn.sanity.io/images/856jrik3/production/83db43b5dbbd316fa7065e0be63011b3e376efec-800x800.jpg","","","KURANG — perbaiki dulu","[-] Dimensi dari deskripsi pemilik. Berat mesin TIDAK tercantum di website resmi Indofitnes/Bodymaster. TANYA SUPPLIER berat mesin LPHS2030 (atau timbang).","STOK 0 — isi stok dulu (stok 0 tidak bisa dibeli); BERAT BELUM ADA — TANYA SUPPLIER berat mesin LPHS2030 (atau timbang)."
"132","Leg Press Hack Squat 2in1 Combo BM-LPHS2050","Commercial Fitness","15900000","0","TF-DBBA86","","190","102","143","Material: Rangka baja oval tube 100x50mm tebal 2,5mm Dimensi Produk : 190cm x 102cm x 143cm Panjang Horn : 42cm Kapasitas Beban Maksimal: 350kgs Fitur Tambahan: Adjustable footplate, Adjustable Backrest, Weight plate storages","","https://cdn.sanity.io/images/856jrik3/production/afe1c4e149d70d21fb8c55eea7d939ea6c41666e-800x800.jpg","https://cdn.sanity.io/images/856jrik3/production/36fdf24bc43d6d01657a8c33bfee71c83ebd85fc-800x800.jpg","https://cdn.sanity.io/images/856jrik3/production/af18129c1a470204a69e0d6425885e18de7631d7-800x800.jpg","","","KURANG — perbaiki dulu","[-] Dimensi dari deskripsi pemilik. Berat mesin TIDAK tercantum di website resmi Indofitnes/Bodymaster. TANYA SUPPLIER berat mesin LPHS2050 (atau timbang). Produk sejenis ±140-180 kg — JANGAN pakai angka itu.","STOK 0 — isi stok dulu (stok 0 tidak bisa dibeli); BERAT BELUM ADA — TANYA SUPPLIER berat mesin LPHS2050 (atau timbang). Produk sejenis ±140-180 kg — JANGAN pakai angka itu."
"133","Leg Press U3003C DHZ","Commercial Fitness","17800000","2","TF-5CD5CF","250000","209","104","163","Platinum Series of Leg Press have widened foot pads. To achieve a better training effect, the design allows full extension during exercises, and support maintaining verticality to simulate a squat exercises. The adjustable seat back can provide different users with their desired starting positions.  Dimension : 209 x 104 x 163 cm Weight : 250 Kg Weight Stack : 109 Kg","","https://cdn.sanity.io/images/856jrik3/production/b97e24ac9ba818403ccb0404752a2acea64c9809-398x368.png","","","","","OK — siap copy ke template","[TINGGI] Deskripsi milik sendiri: 209×104×163cm, 250kg (stack 109kg). Wajib truk + asuransi.",""
"134","Long Pull U3033C DHZ","Commercial Fitness","18200000","2","TF-4224E5","215000","180","133","204","Longpull not only can it be used as a part of the seriel modular core of a plug-in workstation or a multi-person station, but it is also can be used as an independent mid row device. The LongPull has a raised seat for convenient entry and exit. Separate foot pad can adapt to users of different body types without obstructing the motion path of the device. The mid-row position allows users to maintain an upright back position. Handles are easily interchangeable. Dimension : 180 x 133 x 204 cm Weight : 215kg Weight Stack : 110kg Features : Handle Platform, Double Enterance Design, Focus Experience","","https://cdn.sanity.io/images/856jrik3/production/977073e6d19eafaf30a3247dff594d36397ee455-750x750.webp?fm=jpg","","","","","OK — siap copy ke template","[TINGGI] Deskripsi milik sendiri: 180×133×204cm, 215kg (stack 110kg). Wajib truk + asuransi.",""
"135","Low Row Y925Z DHZ","Commercial Fitness","20500000","0","TF-1A46A9","190000","129","157","163","Low Row offers activation programs for multiple muscle groups, including the lats, biceps, rear delts, and traps. Dual-hold position handgrips involve training of different muscles. The independently motion arms ensure the balance of the training and supports the user to perform independently training. The central handle provides stability during single-arm training. Weight : 190kg Dimension : 129 x 157 x 163 cm Features : Comfortable support , Nice Grip , Stability and Variety","","https://cdn.sanity.io/images/856jrik3/production/240e408167942a4025897b046f8a82c4d07a0d76-750x750.webp?fm=jpg","","","","","OK — siap copy ke template","[TINGGI] Deskripsi milik sendiri: 129×157×163cm, 190kg. Kargo/truk + asuransi.","STOK 0 — isi stok dulu (stok 0 tidak bisa dibeli)"
"136","Magnetic Bike Commercial CMB","Sepeda Statis & Crosstrainer","12000000","2","TF-DD77A4","59000","118","63","148","- Monitor : LCD LED. Kalori, Detak Jantung, Waktu, Kecepatan, Jarak tempuh - Rangka : Pipa Baja - Sistem Rem : Magnet - Sistem Penggerak : Belt - Max Berat Pengguna : 150 Kg - Dimensi produk : 118 x 63 x 148 cm - NW/GW : 50/59 Kg - Warna : Hitam","","https://cdn.sanity.io/images/856jrik3/production/c8cd78a708f309e1c2d5eb34881489db4bad04c4-488x491.png","https://cdn.sanity.io/images/856jrik3/production/64a7df03adef41c11e6eb8515e442929d4d34ca9-499x488.png","https://cdn.sanity.io/images/856jrik3/production/05e7c8759928eea0032a4b2488a4d00f84a585f6-476x486.png","","","OK — siap copy ke template","[TINGGI] Deskripsi milik sendiri: 118×63×148cm, NW/GW 50/59kg (pakai GW). Kargo + packing kayu.",""
"137","Massage Apparatus Jupiterfit","Fitness Outdoor","13500000","0","TF-F23019","50000","135","150","80","Dimensi : 135*150*80cm","","https://cdn.sanity.io/images/856jrik3/production/b632a23c89cdbd737fc8d8dd41a9a529a5b13595-581x591.jpg","","","","","OK — siap copy ke template","[SEDANG] ACUAN sejenis: back massager outdoor 50kg (katalog NQ Group). Tanya supplier Jupiterfit / timbang untuk pastikan. Kargo + packing kayu.","STOK 0 — isi stok dulu (stok 0 tidak bisa dibeli); berat/dimensi perlu verifikasi: Tanya supplier Jupiterfit / timbang untuk pastikan. Kargo + packing kayu."
"138","Matras Senam Lokal","Stick & Accessories","200000","6","TF-42FFE6","2000","50","100","2","- Bahan Spon Rebonit - Lapis Kulit Mitasi - Uk.50x100cm  - Tebal 2cm - Standard buat gym","","https://cdn.sanity.io/images/856jrik3/production/36143276282069aef1a29d344c31099a5cc26eaf-800x600.jpg","https://cdn.sanity.io/images/856jrik3/production/5864bffbc9c1fbc6afb5c87e107f9d1695b0445e-836x1280.jpg","","","","OK — siap copy ke template","[SEDANG] HITUNG skala: matras rebonit 200×100×6 = 14kg (TSO) → 50×100×2 ≈ 1,2kg + packing. Volumetrik darat ±2,5kg — konfirmasi dus.","berat/dimensi perlu verifikasi: Volumetrik darat ±2,5kg — konfirmasi dus."
"139","Matras Yoga Champs 6mm","Stick & Accessories","95000","7","TF-D7FD68","1000","","","","Panjang :183 cm Lebar 60 cm ketebalan : 8mm Warna : Biru, Ungu, Pink 1) Material : NBR (Nitrile rubber) atau karet nitril merupakan karet sintetis yang tahan terhadap minyak. 2) Matras untuk Yoga, senam, ataupun pilates yang bisa juga digunakan untuk latihan perut. 3) Dengan keunggulan fleksibilitas,mobilitas. 4) Mat yoga anti-slip. 5) Anti bakteri, anti air.","","https://cdn.sanity.io/images/856jrik3/production/10f26b2d9957f1f5215db98a97447f948cc07196-900x900.webp?fm=jpg","https://cdn.sanity.io/images/856jrik3/production/e743c66fe85e925ab4b51f286efba1f51cbebed6-900x900.webp?fm=jpg","https://cdn.sanity.io/images/856jrik3/production/01a9f4d6fcfa6a25d9e3bf4e78a902c2b3817328-900x900.webp?fm=jpg","https://cdn.sanity.io/images/856jrik3/production/fc61da3992214e29e64cdbd8e4b90da8d6005af8-900x900.webp?fm=jpg","","OK — siap copy ke template","[SEDANG] ACUAN: matras NBR 183×61 (8-10mm) = 700-840g (Speeds/Olympus) + packing. KONFLIK: nama 6mm vs deskripsi 8mm — PEMILIK pastikan! Ukur gulungan.","berat/dimensi perlu verifikasi: KONFLIK: nama 6mm vs deskripsi 8mm — PEMILIK pastikan! Ukur gulungan."
"140","Medicine Ball Bola Gym 2kg","Stick & Accessories","365000","1","TF-D489D1","2500","","","","Medicine ball merupakan bola berat untuk melatih otot lengan dan pergelangan tangan. Terbuat dari bahan kulit, nilon, karet hingga polyurethane. Untuk latihan medicine ball yang baik, sebaiknya pilih yang memiliki berat 1 Kg dan bila sudah fasih dapat memakai medicine ball yang lebih berat. Olahraga dengan Medicine Ball sangat menyenangkan, hampir mirip seperti gerakan senam namun dibarengi dengan latihan beban sehingga manfaat yang di dapat pun menjadi lebih dari sekedar olahraga fitness biasa. Banyak orang yang menyebut medicine ball adalah latihan yang dapat meningkatkan fleksibelitas otot, kebugaran dan alternatif untuk membentuk lengan sixpack.","","https://cdn.sanity.io/images/856jrik3/production/05604f2a636d1e863843c0854ed65be8ba4f5855-180x180.jpg","https://cdn.sanity.io/images/856jrik3/production/cd08ba61862be86f5b094d04c3079721d30cf5a6-135x126.jpg","https://cdn.sanity.io/images/856jrik3/production/a862fce9966ae549bcf90b468c0d136da8063298-180x180.jpg","","","OK — siap copy ke template","[TINGGI] Nama produk 2kg + packing. Ukur dus saat packing.",""
"141","Medicine Ball Bola Gym 8kg","Stick & Accessories","1750000","1","TF-9A0C91","8500","","","","Medicine ball merupakan bola berat untuk melatih otot lengan dan pergelangan tangan. Terbuat dari bahan kulit, nilon, karet hingga polyurethane. Untuk latihan medicine ball yang baik, sebaiknya pilih yang memiliki berat 1 Kg dan bila sudah fasih dapat memakai medicine ball yang lebih berat. Olahraga dengan Medicine Ball sangat menyenangkan, hampir mirip seperti gerakan senam namun dibarengi dengan latihan beban sehingga manfaat yang di dapat pun menjadi lebih dari sekedar olahraga fitness biasa. Banyak orang yang menyebut medicine ball adalah latihan yang dapat meningkatkan fleksibelitas otot, kebugaran dan alternatif untuk membentuk lengan sixpack.","","https://cdn.sanity.io/images/856jrik3/production/8950e8c1ce0eb519b7485befc5f0d69ada560855-450x450.webp?fm=jpg","https://cdn.sanity.io/images/856jrik3/production/2de7caf509b30e071993c0662d16c003d84fd49b-450x450.jpg","","","","OK — siap copy ke template","[TINGGI] Nama produk 8kg + packing. Ukur dus saat packing.",""
"142","Multi Exercise Bar BM-A246","Stick & Accessories","370000","0","TF-547767","4000","40","23","24","Cable Attachement - Multi Exercise Bar Grade : Komersial Use Material : Besi chrome solid Grip : Rubber Ukuran : 40 x 23 x 23.5 cm Berat : 3.8kg","","https://cdn.sanity.io/images/856jrik3/production/21574fec05309c659d69e80f924a548114ae2b57-1024x1024.jpg","https://cdn.sanity.io/images/856jrik3/production/e1e304344c9cb30eba615fda18da9666c48f0344-1024x1024.jpg","https://cdn.sanity.io/images/856jrik3/production/61af79ac19ef1a658a09412693a85b163a712b85-1024x1024.jpg","https://cdn.sanity.io/images/856jrik3/production/0e4710257b91ac0a1202165ab02859ef3c1f2a32-1024x1024.jpg","https://cdn.sanity.io/images/856jrik3/production/284ae8c27ce8ba3e98fc093f0d9f36c27099dcf8-1024x1024.jpg","OK — siap copy ke template","[TINGGI] Deskripsi milik sendiri: 40×23×23,5cm, 3,8kg + packing. Foto terisi otomatis dari Sanity.","STOK 0 — isi stok dulu (stok 0 tidak bisa dibeli)"
"143","Multi Purpose Bench U3038 DHZ","Commercial Fitness","3500000","0","TF-EA4BD1","54000","162","72","81","Multi Purpose Bench is specially designed for overhead prees training, ensuring optimal position of the user in variety press training. The topered seat and raised footrests help exercises maintain stability without the danger caused by the moving of equipment in workout. Dimension : 162 x 72 x 81 cm Weight : 54kg Features : Stable and Comfortable , Free Combination , Durable","","https://cdn.sanity.io/images/856jrik3/production/8726bdd987db9fde7411e474be74d3ccf332c04e-750x750.webp?fm=jpg","","","","","OK — siap copy ke template","[TINGGI] Deskripsi milik sendiri: 162×72×81cm, 54kg. Kargo + packing kayu.","STOK 0 — isi stok dulu (stok 0 tidak bisa dibeli)"
"144","MultiGym Power Rack TL-026 ( Weight Stack Besi 150kg )","Home Gym & Bench Press","23500000","2","TF-DBA70E","460000","202","205","222","- Dimensi produk : 202 x 205 x 222 cm - Ketebalan tabung : 3 mm - Lempengan beban : 75kg x 2 = 150kg - Fungsi : Smith Machine, Chin up,sit up,cable crossover,lat pull down,rowing machine,bicep,tricep,leg press dll - NW/GW : 408/460kg","","https://cdn.sanity.io/images/856jrik3/production/4c27ca1c03940af8ab482ace0c6e26baf4543280-494x494.png","https://cdn.sanity.io/images/856jrik3/production/836976569bc39b4961a57edac711070ff57d8018-497x488.png","https://cdn.sanity.io/images/856jrik3/production/3d4882d984842bcf961e8256082d5dd586c59474-470x490.png","","","OK — siap copy ke template","[TINGGI] Deskripsi milik sendiri: 202×205×222cm, NW/GW 408/460kg (pakai GW). Wajib truk + asuransi, multi-koli.",""
"145","MultiGym Power Rack TL-026 ( Weight Stack Platik 150kg )","Home Gym & Bench Press","21500000","2","TF-9C212C","460000","202","205","222","- Dimensi produk : 202 x 205 x 222 cm - Ketebalan tabung : 3 mm - Lempengan beban : 75kg x 2 = 150kg - Fungsi : Smith Machine, Chin up,sit up,cable crossover,lat pull down,rowing machine,bicep,tricep,leg press dll - NW/GW : 408/460kg","","https://cdn.sanity.io/images/856jrik3/production/4c27ca1c03940af8ab482ace0c6e26baf4543280-494x494.png","https://cdn.sanity.io/images/856jrik3/production/836976569bc39b4961a57edac711070ff57d8018-497x488.png","https://cdn.sanity.io/images/856jrik3/production/3d4882d984842bcf961e8256082d5dd586c59474-470x490.png","","","OK — siap copy ke template","[TINGGI] Deskripsi milik sendiri: 202×205×222cm, NW/GW 408/460kg (pakai GW). Bobot SAMA PERSIS dgn versi besi — pastikan benar. Truk + multi-koli.",""
"146","MultiGym PowerRack TL-022","Home Gym & Bench Press","16590000","2","TF-98FCF7","189000","136","152","209","Fungsi : Smith Machine, Chin up, Sit Up, Cable Crossover, Lat Pull Down, Rowing Machine,Bicep,Tricep dll  Dimensi produk : 136 x 152 x 209 cm","","https://cdn.sanity.io/images/856jrik3/production/5c0cb0b4a496dee2e8d37ce77033de826fc11914-485x489.png","https://cdn.sanity.io/images/856jrik3/production/6386226d12b570d50dc1b71c7be82d1c1d652962-485x467.png","https://cdn.sanity.io/images/856jrik3/production/eb10cb4fa0255c29b7222bbff716052551ec39a4-477x491.png","","","OK — siap copy ke template","[TINGGI] Ardiangym: TL-022 = 5 koli, GW 29+36+42+40+42 = 189kg. Dims produk sendiri 136×152×209. 5 koli — wajib kargo + asuransi.",""
"147","Olympic Decline Bench U3041 DHZ","Commercial Fitness","9900000","0","TF-B3FE79","83000","206","178","109","Olympic Decline Bench allows users to perform decline pressing without excessive external rotation of the shoulders. The fixed angle of the seat pad provides correct positioning, and the adjustable leg roller pad ensure maximum adaptability for users of different sizes. Dimension : 206 x 178 x 109 cm Weight : 83kg Features : Ergonomic Design , Convenient Stroage , Durable","","https://cdn.sanity.io/images/856jrik3/production/d966c0c7c11a28fce3811b4c85cc9d26df6721e1-750x750.webp?fm=jpg","","","","","OK — siap copy ke template","[TINGGI] Deskripsi milik sendiri: 206×178×109cm, 83kg. Kargo + packing kayu.","STOK 0 — isi stok dulu (stok 0 tidak bisa dibeli)"
"148","Olympic Flat Bench U3043 DHZ","Commercial Fitness","9900000","0","TF-F5F614","66000","173","178","122","Olympic Flat Bench provides a solid and stable training platform with the perfect combination of bench and storage rack. Optimal press training results are ensured through accurate positioning. Dimension : 173 x 178 x 122 cm Weight : 66kg Features : More Focused , Convenient Storage , Wear Covers","","https://cdn.sanity.io/images/856jrik3/production/7d27e30401e4f90ca631cd86305e6d13775c9c89-750x750.webp?fm=jpg","","","","","OK — siap copy ke template","[TINGGI] Deskripsi milik sendiri: 173×178×122cm, 66kg. Kargo + packing kayu.","STOK 0 — isi stok dulu (stok 0 tidak bisa dibeli)"
"149","Olympic Incline Bench U3042 DHZ","Commercial Fitness","9900000","0","TF-1115A9","87000","201","178","109","Olympic Incline Bench is designed to provide safer and more comfortable incline press training. The fixed Seatback angle helps the user to position correctly. Adjustable seat accommodates users of different sizes. The open design makes it easy to enter and exit the equipment, while the stable triangular posture makes training more efficient. Dimension : 201 x 178 x 109 cm Weight : 87kg Features : Ergonomic Design , Wear Covers , Convenient Storage","","https://cdn.sanity.io/images/856jrik3/production/71531363909316ad3423cc74650e37c1be27e67e-750x750.webp?fm=jpg","","","","","OK — siap copy ke template","[TINGGI] Deskripsi milik sendiri: 201×178×109cm, 87kg. Kargo + packing kayu.","STOK 0 — isi stok dulu (stok 0 tidak bisa dibeli)"
"150","Pall Rope Resistance Rope","Stick & Accessories","120000","0","TF-70BE61","1000","","","","VERSI BARU PREMIUM RESISTANCE BAND ORIGINAL 100% PRODUCT HIGH QUALITY","","https://cdn.sanity.io/images/856jrik3/production/c50daf1409fa14f8ebe473096c501272d1a700f3-600x463.jpg","https://cdn.sanity.io/images/856jrik3/production/592351961cf6c5cbcfc916037ca1631afcdba14b-600x473.jpg","https://cdn.sanity.io/images/856jrik3/production/81f2635c325d8270e2a31c5abc9efb95c956d6a7-1024x756.jpg","","","OK — siap copy ke template","[SEDANG] ACUAN: resistance band satuan 0,1-2,9kg / set 3pcs 1,2kg (Svarga). CEK ISI: satuan atau set? Timbang + ukur.","STOK 0 — isi stok dulu (stok 0 tidak bisa dibeli); berat/dimensi perlu verifikasi: CEK ISI: satuan atau set? Timbang + ukur."
"151","Pec Delt / Pec Fly U3007C DHZ","Commercial Fitness","19800000","2","TF-30D54E","249000","124","99","211","Platinum Series Rear Delt/pec fly is designed with adjustable rotating arms, which is designed to adapt to the arm lenght of different exercises and provide the correct training posture. The independent adjustment cranksets on both sides not only provide different starting positions, but also make exercise variety. The long and narrow back pad can provide back support for Pec Fly and chest support for the deltoid muscle.  Dimension : 124 x 99 x 211 cm Weight : 249 Kg Weight Stack : 110 Kg","","https://cdn.sanity.io/images/856jrik3/production/531359334329bf952f5b948aeede0942b12d4319-332x392.png","","","","","OK — siap copy ke template","[TINGGI] Deskripsi milik sendiri: 124×99×211cm, 249kg (stack 110kg). Wajib truk + asuransi.",""
"152","Per Pegas Penahan Beban Alat Fitness","Sparepart","80000","6","TF-EB6284","200","","","","Bahan : besi chrome Ukuran panjang 6 cm Diameter dalam (2 cm) Diameter luar (3 cm) Tebal (5 mm) Berat : 100 gr Harga barang satuan","","https://cdn.sanity.io/images/856jrik3/production/f51537e40d9e41356498e5e32eacf2c658035971-450x365.jpg","","","","","OK — siap copy ke template","[TINGGI] Deskripsi milik sendiri: 100g + packing. Harga satuan = per pcs.",""
"153","Power Grip Cabel BM-A255","Stick & Accessories","1500000","1","TF-99913C","21000","","","","Set Cable Attachement Power Grip / Mag Grip Bodymaster BM-A255  Set cable bar yang jauh lebih ergonomis dan mampu mentarget otot dengan sangat efektif, Commercial Grade yang dibuat dari besi tebal dan tahan lama. Spesifikasi : Material Thick solid steel Ketebalan 10mm Finishing luar Coated with a super tough, washable, chip and scratch-resistant textured rubber Harga adalah satu set (5 Macam bar handle)","","https://cdn.sanity.io/images/856jrik3/production/47907726a3e52749de3766fe2c6ac2b982ab5839-450x450.jpg","https://cdn.sanity.io/images/856jrik3/production/4976538c1ec835b845b959c2540227a7959cbfb4-1024x1024.jpg","https://cdn.sanity.io/images/856jrik3/production/b745e4b2b993701b076a41dfc5fa64aadc1459c8-1024x1024.jpg","https://cdn.sanity.io/images/856jrik3/production/64fe9a66ff5c7a715654a9b26cfb45377c00be9c-1024x1024.jpg","","OK — siap copy ke template","[SEDANG] ACUAN: mag grip set 5pcs = 20kg (DMS/GymGear) + packing. Timbang untuk pastikan + ukur dus.","berat/dimensi perlu verifikasi: Timbang untuk pastikan + ukur dus."
"154","Power Strap Fitness Gymex SG-01","Stick & Accessories","50000","6","TF-B720C5","200","","","","Power Strap Fitness / tali sabuk untuk pergelangan tangan berfungsi sebagai melindungi pergelangan tangan dari cidera. serta membantu atau memudahkan pergerakan tangan untuk mengangkat beban. Sangat Cocok Utk Latihan Deadlift, Shrug, Shoulder Raise, Lunges dll Bahan Kanvas Nylon Ukuran panjang 57cm lebar5cm Ada busa dibagian pergelangan tangan Berat = 100gr","","https://cdn.sanity.io/images/856jrik3/production/ba05379112894f9d493d5b72aab07a33dd04a7f2-290x450.jpg","https://cdn.sanity.io/images/856jrik3/production/48459808dbf0ba982c683a10745a4f6a065d7a6a-663x1024.jpg","https://cdn.sanity.io/images/856jrik3/production/9e4d047511fe98649a97d64d5d5e972270816836-682x1024.jpg","https://cdn.sanity.io/images/856jrik3/production/5524d3b6fa0c0927b25a6f70e66d510c6b21beef-298x450.jpg","","OK — siap copy ke template","[TINGGI] Deskripsi milik sendiri: 57×5cm nylon, 100g + packing. Foto terisi otomatis dari Sanity.",""
"155","Power Strap Gym Lifting Besi","Stick & Accessories","75000","6","TF-E09DC8","200","","","","Lifting Strap Gym Fitness Alat Bantu Fitness Lifting Strap adalah sabuk tali untuk kegiatan Fitnes (Angkat Beban). Biasanya digunakan sebagai pengganti sarung tangan Gym. Berfungsi sebagai penopang Grip (Pegangan Tangan) saat hendak melakukan aksi angkat beban ataupun exercise lainnya.  Lifting Strap dapat digunakan untuk memperkuat genggaman tangan pada Dumbell / Barbell agar pegangan tidak slip dan mampu memindahkan beban sementara, sehingga memberikan waktu istirahat saat jari2 tangan kita sedang kelelahan saat mengankat Beban. Panjang: 35 cm Panjang Wrist Wrap 35 cm  FUNGSI : Membantu melakukan olahraga ringan seperti push up, sit up, pull up , dips serta beberapa variasi posisi grip untuk workout lebih maksimal","","https://cdn.sanity.io/images/856jrik3/production/b5f9ae527a011e7485a98673a50d26282e3b64de-450x450.webp?fm=jpg","https://cdn.sanity.io/images/856jrik3/production/279009f1daf76dfd7dcd48e61a0a038c3c909b57-800x800.webp?fm=jpg","https://cdn.sanity.io/images/856jrik3/production/b3392647541a0c162e771dba919c51d306da3bcf-1024x1024.webp?fm=jpg","","","OK — siap copy ke template","[SEDANG] ACUAN lifting strap sepasang + packing ±200g. Foto terisi otomatis dari Sanity.","berat/dimensi perlu verifikasi: Foto terisi otomatis dari Sanity."
"156","Power Strap Import  Strap Fitness Valeo","Stick & Accessories","100000","6","TF-106054","200","","","","* Panjang strap 32cm * Buckle berbahan stainless stell sehingga anti karat * Dilengkapi foam pada pergelangan tangan untuk support * Strap tebal dan mengandung rubber sehingga anti slip * Barang Import","","https://cdn.sanity.io/images/856jrik3/production/2bfb1bf14ac4e5b32143b909fd2010cf6af7c197-394x394.webp?fm=jpg","https://cdn.sanity.io/images/856jrik3/production/a352d6c97d05cfedf509b89d78b84f63a4ad9268-600x600.webp?fm=jpg","https://cdn.sanity.io/images/856jrik3/production/d590352aa281ff4412ace8d847125d9898fbb5ef-600x600.webp?fm=jpg","https://cdn.sanity.io/images/856jrik3/production/d1354e9175a5b6c7119b7765c0badbca48e9a3d9-500x500.webp?fm=jpg","","OK — siap copy ke template","[SEDANG] ACUAN lifting strap + buckle stainless + packing ±200g. Foto terisi otomatis dari Sanity.","berat/dimensi perlu verifikasi: Foto terisi otomatis dari Sanity."
"157","Pressing Leg Rack Jupiterfit","Fitness Outdoor","9900000","0","TF-46071C","50000","95","125","95","Dimensi : 95*125*95cm","","https://cdn.sanity.io/images/856jrik3/production/22e71c90e0a981e3693f49180314270460f8f769-581x591.jpg","","","","","OK — siap copy ke template","[SEDANG] ACUAN sejenis: stasiun outdoor pipa galvanis 3mm seukuran = 50kg (katalog NQ Group). Tanya supplier Jupiterfit / timbang untuk pastikan. Kargo + packing kayu.","STOK 0 — isi stok dulu (stok 0 tidak bisa dibeli); berat/dimensi perlu verifikasi: Tanya supplier Jupiterfit / timbang untuk pastikan. Kargo + packing kayu."
"158","Prone Leg Curl U3001C DHZ","Commercial Fitness","18300000","2","TF-31DE28","230000","144","103","163","Prone Leg Curl uses a prone design to enhance the ease-of-use experience. The widened elbow pads and grips help users to better stabilize the torse, and the ankle roller pads can be adjusted according to different leg lengths and ensure stable and optimal resistance. Dimension : 144 x 103 x 163 cm Weight : 230kg Weight Stack : 110kg Feature : Biomechanical Design, Buffer System, Focus on Experience Inquiry Form","","https://cdn.sanity.io/images/856jrik3/production/f26917a3232ea373377c9913d9e9125aa3f5ce8e-750x750.webp?fm=jpg","","","","","OK — siap copy ke template","[TINGGI] Deskripsi milik sendiri: 144×103×163cm, 230kg (stack 110kg). Wajib truk + asuransi.",""
"159","Pull Up Bar BM-50","Stick & Accessories","255000","1","TF-A4BA99","8000","","","","Jenis: Pull Up Bar Wall Mount Material: Thicken Steel Pipe Finishing: Black Powder Coating Grip: High Density Foam Pemasangan: Dinding beton Cocok untuk Anda yang ingin memiliki alat latihan pull up yang kokoh, hemat tempat, dan multifungsi untuk melatih berbagai kelompok otot tubuh bagian atas.","","https://cdn.sanity.io/images/856jrik3/production/5ccac645e8fb001bfe28cb2c7ffe1583f0cd8774-450x450.jpg","https://cdn.sanity.io/images/856jrik3/production/6b9840f77c6547c615f6770cd2c22a36e1a6c5b3-800x800.jpg","","","","OK — siap copy ke template","[SEDANG] ACUAN: wall mount besi solid + dynabolt (sekelas Indofitnes BM-50; versi multifungsi 15kg). Timbang + ukur dus (produk sama dgn Indofitnes BM-50).","berat/dimensi perlu verifikasi: Timbang + ukur dus (produk sama dgn Indofitnes BM-50)."
"160","Pulley Roda Alluminium Tali Sling Alat Fitness","Sparepart","145000","2","TF-D8E3EC","500","","","","Pulley Roda tali Sling alat fitness   Biasa digunakan pada alat gym dengan kualitas fitness comerciall / Fitness Center. Ukuran diameter 9cm Tebal As tengah 3cm Lubang As tengah 1cm Bahan Alluminium Sebelum order pastikan ukuran diameter pulley alat yang akan diganti.","","https://cdn.sanity.io/images/856jrik3/production/9d981a377c3ef9aced966132f9c2c9ccde37ee55-450x330.jpg","https://cdn.sanity.io/images/856jrik3/production/42544122c811728cbe9fdebc973e4afcc2246e73-640x543.jpg","https://cdn.sanity.io/images/856jrik3/production/8c9e56b83fa4fb87fcf0e6dd47a5fca40d2dd63e-640x449.jpg","","","OK — siap copy ke template","[SEDANG] HITUNG volume: aluminium Ø9cm ≈ 340g (minus lubang) + packing. Foto terisi otomatis dari Sanity.","berat/dimensi perlu verifikasi: Foto terisi otomatis dari Sanity."
"161","Pulley Roda Tali Sling Uk.12cm","Sparepart","200000","3","TF-1FAE4B","500","","","","Pulley / Roda tali Sling alat fitness / gym  Ukuran diameter 12cm , tebal As tengah 3cm, Lubang As tengah 10mm Biasa digunakan pada alat fitness comerciall Bahan plastik tebal PRODUK IMPORT...!!! Sebelum order pastikan ukuran diameter pulley alat yang akan diganti. Fungsi untuk jalur seling pada alat fitness  bisa di pakai segala macam alat fitnes yg menggunakan beban plat","","https://cdn.sanity.io/images/856jrik3/production/05f39a0eeb40e84b90abbf7362b70e1f097e6ea3-445x325.jpg","","","","","OK — siap copy ke template","[SEDANG] HITUNG volume: plastik tebal Ø12cm ≈ 200g + packing. Foto terisi otomatis dari Sanity.","berat/dimensi perlu verifikasi: Foto terisi otomatis dari Sanity."
"162","Pulley Roda Teflon Tali Sling  Alat Fitness","Sparepart","110000","5","TF-653C13","500","","","","Pulley / Roda tali Sling alat fitness / gym  Biasa digunakan pada alat gym dengan kualitas alat fitness comerciall atau Fitness Center. Ukuran diameter 9cm  Tebal As tengah 3cm  Lubang As tengah 1cm  Bahan Teflon Sebelum order pastikan ukuran diameter pulley alat yang akan diganti.","","https://cdn.sanity.io/images/856jrik3/production/641d1639fa5b1de70701b29c32833cd79be39ce8-450x450.webp?fm=jpg","https://cdn.sanity.io/images/856jrik3/production/b21d07dab1f57ad8321fdd8f24e9388c21348a31-640x640.webp?fm=jpg","https://cdn.sanity.io/images/856jrik3/production/3f7465bcd0fcada3a72dddb8e0acbe4e03d86cad-640x640.webp?fm=jpg","","","OK — siap copy ke template","[SEDANG] HITUNG volume: teflon Ø9cm ≈ 280g (minus lubang) + packing. Foto terisi otomatis dari Sanity.","berat/dimensi perlu verifikasi: Foto terisi otomatis dari Sanity."
"163","Recumbent Bike Commercial CMR","Sepeda Statis & Crosstrainer","16500000","5","TF-BC1A5E","74000","158","61","141","- Monitor : LCD LED. Kalori, Detak Jantung, Waktu, Kecepatan, Jarak tempuh - Rangka : Pipa Baja - Sistem Rem : Magnet - Sistem Penggerak : Belt - Max Berat Pengguna : 150 Kg - Dimensi produk : 158 x 61 x 141 cm - NW/GW : 60/74 Kg - Warna : Hitam","","https://cdn.sanity.io/images/856jrik3/production/092e6e9639359261f783818a93ae59815e5ff193-480x488.png","https://cdn.sanity.io/images/856jrik3/production/5b645e9bd8510c7cfa349051743146cdb2a3926c-506x477.png","https://cdn.sanity.io/images/856jrik3/production/122327ce809860d3e3be9066cc99f8b318add37f-466x483.png","https://cdn.sanity.io/images/856jrik3/production/eebfa250f701a2b2d34e9e357b94ec3601198a55-369x367.png","","OK — siap copy ke template","[TINGGI] Deskripsi milik sendiri: 158×61×141cm, NW/GW 60/74kg (pakai GW). Kargo + packing kayu.",""
"164","Roda Elliptical Bike","Sparepart","250000","2","TF-A76C31","500","","","","Bahan dari teflon  Bearing besi tutup karet  Diameter 7cm Panjang 5cm Harga satuan","","https://cdn.sanity.io/images/856jrik3/production/15b53d231a4c0bdaf5d11483d58306330d732b19-746x871.jpg","https://cdn.sanity.io/images/856jrik3/production/6c066c3799c25c88de40cfbbef4d71b4c4033728-733x952.jpg","https://cdn.sanity.io/images/856jrik3/production/ece24d32a234b1aff99f014b63baa9a001c2fb86-745x902.jpg","","","KURANG — perbaiki dulu","[SEDANG] HITUNG volume: teflon Ø7×5cm + bearing besi ≈ 320g + packing. Harga satuan = per pcs.","berat/dimensi perlu verifikasi: Harga satuan = per pcs."
"165","Roda Roll Elliptical Bike","Sparepart","200000","2","TF-0FB035","200","","","","Diameter lubang dalam : baut M 101 Lebar : 6,5 cm Tebal : 3 cm Bahan teflon  Berat : 115 gr Buat roda alat fitness eliptical pada bagian belakang   harga satuan atau per pcs  Nb : Bisa indent sesuai ukuran","","https://cdn.sanity.io/images/856jrik3/production/75002a9a38e50517f8ef827817060776bccdaa89-446x298.jpg","","","","","OK — siap copy ke template","[TINGGI] Deskripsi milik sendiri: teflon 6,5×3cm, 115g + packing. Harga satuan = per pcs.",""
"166","Rotary Torso U3018C DHZ","Commercial Fitness","17800000","2","TF-4C9E1B","169000","110","112","163","Rotary Torso is a powerful and comfortable device that provides users with an effective way to strengthen the core and back muscles. The kneeling position design is adopted, which can stretch the hip flexors while reducing the pressure on the lower back as much as possible. The Uniquely designed knee pads ensure the stability and comfort of use and provide protection for multi-posture training. Dimension : 110 x 112 x 163 cm Weight : 169kg Weight Stack : 65kg Features : Oversized Handlebar, Comfortable Pads, Helpful Guidance","","https://cdn.sanity.io/images/856jrik3/production/0eb8d8fa3d10397d2cbe6a5c2b4482473bee533a-750x750.webp?fm=jpg","","","","","OK — siap copy ke template","[TINGGI] Deskripsi milik sendiri: 110×112×163cm, 169kg (stack 65kg). Kargo/truk + asuransi.",""
"167","Rotor 2 Circle Total Fitness","Fitness Outdoor","7700000","0","TF-FBFF92","50000","100","55","180","Total Fitness Rotor 2 Circle Outdoor Spesifikasi : Dimensi : 100 x 55 x 180 Cm Warna : Merah Kuning Kegunaan : Untuk Peregangan Tangan  * Produk sudah termasuk angkur dan pelindung angkur * Produk tidak di dalam dus * Harap Konfirmasi pembelian terlebih dahulu","","https://cdn.sanity.io/images/856jrik3/production/695ead253061a2a1bea50c107c8c365f5d901b26-450x450.webp?fm=jpg","https://cdn.sanity.io/images/856jrik3/production/ac154e62b80abdb304581441cea43b36eda1d349-1024x1024.webp?fm=jpg","","","","OK — siap copy ke template","[TINGGI] Katalog New Quality Group: Weight 50 kg, dims 100×55×180 sama persis. Tidak dalam dus — kargo + packing kayu, konfirmasi dulu.","STOK 0 — isi stok dulu (stok 0 tidak bisa dibeli)"
"168","Rowing Machine Jupiterfit","Fitness Outdoor","9900000","0","TF-5FD41B","50000","110","50","130","Dimensi : 110*50*130cm","","https://cdn.sanity.io/images/856jrik3/production/6259a8c970fd74dcb6cfbb0857085ae913cb572d-235x161.jpg","","","","","OK — siap copy ke template","[SEDANG] ACUAN sejenis: rowing machine outdoor 50kg (katalog NQ Group). Tanya supplier / timbang. Foto produk kecil (235px) — ganti foto.","STOK 0 — isi stok dulu (stok 0 tidak bisa dibeli); berat/dimensi perlu verifikasi: Tanya supplier / timbang. Foto produk kecil (235px) — ganti foto."
"169","Rowing Machine Total Fitness","Fitness Outdoor","7700000","0","TF-403F68","50000","120","90","70","Total Fitness Rowing Outdoor Spesifikasi : Dimensi : 120 x 90 x 70 Cm Warna : Merah Kuning Kegunaan : Rowing  *Produk sudah termasuk anchor * Produk sudah termasuk baut untuk ke 4 sisi * Produk tidak di dalam dus * Harap Konfirmasi pembelian terlebih dahulu","","https://cdn.sanity.io/images/856jrik3/production/6d51d4bad49c5e787b09539a10a6af92307fe759-450x450.webp?fm=jpg","https://cdn.sanity.io/images/856jrik3/production/a53022598537bfd9b00cf878014f4e0f55c6cd1f-1024x1024.webp?fm=jpg","","","","OK — siap copy ke template","[TINGGI] Katalog New Quality Group: Weight 50 kg, dims 120×90×70 sama persis. Tidak dalam dus — kargo + packing kayu, konfirmasi dulu.","STOK 0 — isi stok dulu (stok 0 tidak bisa dibeli)"
"170","Rubber Flooring Bintik Roll Uk.1x10m Tebal 8mm","Rubber Flooring","3750000","0","TF-1E2AF3","90000","105","45","45","Model Roll Ukuran 1x10m Tebal 8mm Harga per roll","","https://cdn.sanity.io/images/856jrik3/production/44570a7256494ee11dd8dd404915dd35c98d6627-640x434.jpg","","","","","OK — siap copy ke template","[SEDANG] Sama dgn batch 1 no 1: referensi Greatmats 8mm ±9 kg/m² × 10 m². WAJIB timbang ulang 1 roll sebelum upload.","STOK 0 — isi stok dulu (stok 0 tidak bisa dibeli); berat/dimensi perlu verifikasi: WAJIB timbang ulang 1 roll sebelum upload."
"171","Rubber Flooring Outdoor Uk.60x80cm Tebal 25mm","Rubber Flooring","365000","0","TF-D991FE","10000","80","60","25","Model Puzzle Ukuran 60x80cm Tebal 25mm Harga per lembar Warna Hitam","","https://cdn.sanity.io/images/856jrik3/production/c3a7e5efdfcd2585e5683a8fbb7919316e51ac34-899x1599.jpg","","","","","OK — siap copy ke template","[SEDANG] Referensi pabrikan (Bench Fitness): composite rubber tile 25mm = 21,2 kg/m² × 0,48 m² (±10,2 kg/lembar). WAJIB timbang 1 lembar aktual.","STOK 0 — isi stok dulu (stok 0 tidak bisa dibeli); berat/dimensi perlu verifikasi: WAJIB timbang 1 lembar aktual."
"172","Rubber Flooring Polos Roll Uk.1x10m Tebal 10mm","Rubber Flooring","3500000","0","TF-683911","110000","105","45","45","Model Polos Ukuran 1x10m Tebal 10mm Harga Per Roll","","https://cdn.sanity.io/images/856jrik3/production/b23e06dd8343fd8f5c7ef0fff4530280d1bfcae6-435x435.jpg","","","","","OK — siap copy ke template","[SEDANG] Densitas ±1050 kg/m³ + ref living.fit (10mm ≈ 2,4 lbs/sqft): ±11 kg/m² × 10 m². WAJIB timbang ulang 1 roll sebelum upload.","STOK 0 — isi stok dulu (stok 0 tidak bisa dibeli); berat/dimensi perlu verifikasi: WAJIB timbang ulang 1 roll sebelum upload."
"173","Rubber Flooring Polos Roll uk.1x10m Tebal 5mm","Rubber Flooring","1750000","0","TF-3485E2","60000","105","35","35","Model Polos Ukuran 1x10m Tebal 5mm Harga Per Roll","","https://cdn.sanity.io/images/856jrik3/production/b23e06dd8343fd8f5c7ef0fff4530280d1bfcae6-435x435.jpg","","","","","OK — siap copy ke template","[SEDANG] Densitas ±1050 kg/m³ + ref Greatmats 6mm 1,5 lbs/sqft: 5mm ±6 kg/m² × 10 m². WAJIB timbang ulang 1 roll sebelum upload.","STOK 0 — isi stok dulu (stok 0 tidak bisa dibeli); berat/dimensi perlu verifikasi: WAJIB timbang ulang 1 roll sebelum upload."
"174","Rubber Flooring Puzzle Pyramid Uk.50x50cm Tebal 10mm","Rubber Flooring","440000","0","TF-F895AC","10000","55","55","8","Model Puzzle Ukuran 50x50cm Tebal 10mm Harga per meter","","https://cdn.sanity.io/images/856jrik3/production/863723ef5ef3f25d8f61343f3f2ed2ad828908ab-217x229.png","","","","","OK — siap copy ke template","[SEDANG] Densitas rubber ±1050 kg/m³: 10mm ≈ 10,5 kg/m². Timbang 4 keping (1 m²) aktual + pastikan unit jual.","STOK 0 — isi stok dulu (stok 0 tidak bisa dibeli); berat/dimensi perlu verifikasi: Timbang 4 keping (1 m²) aktual + pastikan unit jual."
"175","Rubber Flooring Puzzle Uk.50x50cm Tebal 10mm","Rubber Flooring","650000","0","TF-35557B","10000","55","55","8","Ukuran 50x50cm  Tebal 10mm Model Puzzle  Harga per meter Barang Import","","https://cdn.sanity.io/images/856jrik3/production/d9a7f8adf148d2f6bf0c4fe6e5d5ed10869b846e-1280x960.jpg","","","","","OK — siap copy ke template","[SEDANG] Sama dgn no 22: 10mm ≈ 10,5 kg/m². Timbang 4 keping (1 m²) aktual + pastikan unit jual.","STOK 0 — isi stok dulu (stok 0 tidak bisa dibeli); berat/dimensi perlu verifikasi: Timbang 4 keping (1 m²) aktual + pastikan unit jual."
"176","Rubber Flooring Pyramid Puzzle Uk.50x50cm Tebal 10mm","Rubber Flooring","100000","8","TF-563EA9","4000","50","50","1","Rubber Flooring Pyramid Model Puzzle Bahan   : Rubber  Ukuran  : 50x50cm Tebal     : 10mm Per meter²  isi 4 pcs  Berat 14kg/m2 Harga yang tertera harga satuan","","https://cdn.sanity.io/images/856jrik3/production/04d7e7fa629572443f72d9ae6871f16c21bd1aaa-800x800.jpg","https://cdn.sanity.io/images/856jrik3/production/9ae81546a348511a43e9d7f8275fe536392d417f-764x764.webp?fm=jpg","","","","OK — siap copy ke template","[TINGGI] HITUNG deskripsi: 14kg/m² ÷ 4pcs = 3,5kg/pc + packing. Harga satuan = per lembar.",""
"177","Rubber Flooring Pyramid Roll Uk.1x10m Tebal 10mm","Rubber Flooring","4400000","0","TF-4649C1","95000","105","45","45","Model Roll Ukuran 1x10meter Tebal 10mm Harga per roll","","https://cdn.sanity.io/images/856jrik3/production/3bd3a40f6526ee6c7b0354f9d013ab184a8f3014-313x344.jpg","","","","","OK — siap copy ke template","[SEDANG] Basis 10mm ±10,5–11,7 kg/m² (ref living.fit/Greatmats), dikurangi motif pyramid ±15%. WAJIB timbang ulang 1 roll sebelum upload.","STOK 0 — isi stok dulu (stok 0 tidak bisa dibeli); berat/dimensi perlu verifikasi: WAJIB timbang ulang 1 roll sebelum upload."
"178","Rubber Flooring Roll Uk.1x10m Tebal 10mm","Rubber Flooring","5700000","0","TF-C78400","110000","105","45","45","Ukuran 1m x 10m Tebal 10mm Model Roll Harga per Roll Barang import 100%","","https://cdn.sanity.io/images/856jrik3/production/45e8b0d6b69532a6ae9da05711a4918075dde649-750x1000.jpg","","","","","OK — siap copy ke template","[SEDANG] Sama dgn no 24: 10mm ±11 kg/m² × 10 m². WAJIB timbang ulang 1 roll sebelum upload.","STOK 0 — isi stok dulu (stok 0 tidak bisa dibeli); berat/dimensi perlu verifikasi: WAJIB timbang ulang 1 roll sebelum upload."
"179","Rubber Flooring Roll Uk.1x10m Tebal 8mm","Rubber Flooring","3500000","0","TF-C9C9BE","90000","105","45","45","Rubber Flooring  Model Roll Ukuran 1x10m Tebal 8mm Warna Hitam Bintik Biru","","https://cdn.sanity.io/images/856jrik3/production/9e5ea90121f81e06f0aa4b986714db0febaa5c8f-960x1280.jpg","","","","","OK — siap copy ke template","[SEDANG] Referensi pabrikan Greatmats (AS): rubber roll 8mm = 1.85 lbs/sqft (±9 kg/m²) × 10 m². WAJIB timbang ulang 1 roll sebelum upload.","STOK 0 — isi stok dulu (stok 0 tidak bisa dibeli); berat/dimensi perlu verifikasi: WAJIB timbang ulang 1 roll sebelum upload."
"180","Rubber Flooring Rubber Tile Uk.50x50cm Tebal 15mm","Rubber Flooring","150000","20","TF-195559","3500","50","50","1.5","Diskripsi : - Warna : Hitam - Selain warna hitam bisa chat admin - Tebal : 15 mm - Ukuran : 50 x 50 cm - Anti Slip - Pemasangan Mudah - Cocok untuk fitness - Harga yang tertera adalah harga per lembar","","https://cdn.sanity.io/images/856jrik3/production/995e928cbb1b611c0d0961ea55ab0d51383ecbb9-448x394.jpg","https://cdn.sanity.io/images/856jrik3/production/fef1c367d2c4dc63cdb3ccf605ce873672fbf0f3-991x967.jpg","https://cdn.sanity.io/images/856jrik3/production/04301861323d042c0d338489bf387fcf880930e0-1024x711.jpg","https://cdn.sanity.io/images/856jrik3/production/3e03f98d68413d49e673c5a51bf358f80756de57-687x1024.jpg","","OK — siap copy ke template","[SEDANG] ACUAN: rubber tile 50×50×15mm = 3,3kg/lembar (Granuflex) + packing. Timbang 1 lembar untuk pastikan.","berat/dimensi perlu verifikasi: Timbang 1 lembar untuk pastikan."
"181","Rubber Flooring Rubber Tile Uk.50x50cm Tebal 20mm","Rubber Flooring","95000","50","TF-0E2896","4000","50","50","2","Gym Floor dengan ketebalan 2 cm dirancang khusus untuk memberikan kenyamanan dan perlindungan optimal dalam berbagai aktivitas olahraga dan kebugaran.  Gym Floor dengan bahan berkualitas tinggi yang tahan lama, memastikan penggunaan jangka panjang tanpa penurunan performa. Spesifikasi : Ukuran 50 x 50cm Tebal 20mm / 2cm Bahan EPDM solid produksi dengan standart berkualitas tinggi dijamin bersih tanpa bau Berat per pc : 4kg solid & padat. Warna: Hitam (atau pilihan warna lain jika tersedia) Kelebihan: Memberikan kenyamanan dan perlindungan maksimal Tahan lama dan cocok untuk penggunaan intensif Permukaan anti-slip untuk keamanan latihan Mudah dipasang dan dirawat tidak berpori Dapat menciptakan area latihan yang aman, nyaman, dan profesional. Produk ini merupakan investasi ideal untuk siapa saja yang serius dalam menjaga kebugaran dan kesehatan, gym floor kami sangat tahan bahkan terhadap cuaca outdoor sampai 15thn","","https://cdn.sanity.io/images/856jrik3/production/4f8391328a6006c40b6dfd4f85bd08be2d12adba-450x450.jpg","https://cdn.sanity.io/images/856jrik3/production/6f7f6ed2b826e95071560178766ddb69975bc0da-450x450.jpg","https://cdn.sanity.io/images/856jrik3/production/15cbfe180e1b6b0c02e8ac52cf43d916ee4c9684-1024x844.jpg","","","OK — siap copy ke template","[TINGGI] Deskripsi milik sendiri: EPDM solid 4kg/pc + wrap. Foto terisi otomatis dari Sanity.",""
"182","Rubber Flooring Rubber Tile Uk.50x50cm Tebal 40mm","Rubber Flooring","1265000","0","TF-00F881","33000","55","55","18","Model Tile Ukuran 50x50cm Tebal 40mm Harga per meter Warna Hitam, Merah, Kuning, Grey Silahkan Chat Admin untuk ketersediaan barang","","https://cdn.sanity.io/images/856jrik3/production/6748ee4a6faba4b06ea14f37cc1cacfe4cd0a05c-480x640.png","","","","","OK — siap copy ke template","[SEDANG] Densitas composite tile ±833 kg/m³ (ref MF Floor): 40mm ≈ 33 kg/m². Timbang 4 keping (1 m²) aktual + pastikan unit jual.","STOK 0 — isi stok dulu (stok 0 tidak bisa dibeli); berat/dimensi perlu verifikasi: Timbang 4 keping (1 m²) aktual + pastikan unit jual."
"183","Rubber Flooring Springkle Uk.60x120cm Tebal 6mm","Rubber Flooring","350000","0","TF-9584EF","7000","120","60","6","Model Puzzle Ukuran 60x120cm Tebal 6mm Warna Bintik Merah, Biru dan Kuning Harga Per Meter","","https://cdn.sanity.io/images/856jrik3/production/e7ba80f24a67002e80854d2b6d9dbe3dcc1326ab-513x941.jpg","","","","","KURANG — perbaiki dulu","[SEDANG] Referensi pabrikan (Rymar/Greatmats AS): rubber 6mm = 1,3–1,6 lbs/sqft (±6,3–7,8 kg/m²). Harga PER METER — pastikan unit jual (per m²/lembar?) + timbang 1 unit aktual.","STOK 0 — isi stok dulu (stok 0 tidak bisa dibeli); berat/dimensi perlu verifikasi: Harga PER METER — pastikan unit jual (per m²/lembar?) + timbang 1 unit aktual."
"184","Rubber Flooring Springkle Uk.60x120cm Tebal 8mm","Rubber Flooring","400000","0","TF-C6C650","9000","120","60","8","Model Puzzle Ukuran 60x120cm Tebal 8mm Warna Bintik Merah, Biru dan Kuning Harga Per meter","","https://cdn.sanity.io/images/856jrik3/production/b4ec365e4e1dcd88808ab2eb76b759d180043697-850x1280.jpg","","","","","KURANG — perbaiki dulu","[SEDANG] Referensi pabrikan (living.fit AS): rubber 8mm = 1,9 lbs/sqft (±9,3 kg/m²). Harga PER METER — pastikan unit jual (per m²/lembar?) + timbang 1 unit aktual.","STOK 0 — isi stok dulu (stok 0 tidak bisa dibeli); berat/dimensi perlu verifikasi: Harga PER METER — pastikan unit jual (per m²/lembar?) + timbang 1 unit aktual."
"185","Rubber Flooring Uk.100x100cm Tebal 10mm","Rubber Flooring","470000","0","TF-873203","10000","105","105","5","Ukuran 100x100cm Tebal 10mm Harga per meter Barang import","","https://cdn.sanity.io/images/856jrik3/production/464257c344fc97f7f71ba8b380a862c0f8bf4c2a-1280x1109.jpg","","","","","OK — siap copy ke template","[SEDANG] Densitas ±1050 kg/m³: 10mm ≈ 10,5 kg/m² (1 keping = 1 m²). Timbang 1 keping aktual + pastikan unit jual.","STOK 0 — isi stok dulu (stok 0 tidak bisa dibeli); berat/dimensi perlu verifikasi: Timbang 1 keping aktual + pastikan unit jual."
"186","Rubber Flooring Uk.50x50cm Tebal 10mm","Rubber Flooring","470000","0","TF-BC83F1","10000","55","55","8","Ukuran 50x50cm Tebal 10mm Harga per meter Barang Import","","https://cdn.sanity.io/images/856jrik3/production/82f07483b49530b664b2e0fd5bb3b1ca5f08b9a9-1140x1280.jpg","","","","","OK — siap copy ke template","[SEDANG] Sama dgn no 22: 10mm ≈ 10,5 kg/m². Timbang 4 keping (1 m²) aktual + pastikan unit jual.","STOK 0 — isi stok dulu (stok 0 tidak bisa dibeli); berat/dimensi perlu verifikasi: Timbang 4 keping (1 m²) aktual + pastikan unit jual."
"187","Rubber Flooring Uk.50x50cm Tebal 20mm","Rubber Flooring","550000","0","TF-EAC9CA","18000","55","55","12","Ukuran 50x50cm Tebal 20mm Harga per meter Barang Import","","https://cdn.sanity.io/images/856jrik3/production/464257c344fc97f7f71ba8b380a862c0f8bf4c2a-1280x1109.jpg","","","","","OK — siap copy ke template","[SEDANG] Densitas composite ±833–950 kg/m³: 20mm ±17–19 kg/m². Timbang 4 keping (1 m²) aktual + pastikan unit jual.","STOK 0 — isi stok dulu (stok 0 tidak bisa dibeli); berat/dimensi perlu verifikasi: Timbang 4 keping (1 m²) aktual + pastikan unit jual."
"188","Rubber Plate 2,5kg, 5kg, 10kg, 15kg, 20kg Lubang 5cm Total Fitness","Dumbell & Weight Plate","60000","100","TF-C34F11","2500","","","","Beban Rubber Plate diameter lubang 5 cm 2,5kg 5 kg 10 kg 15 kg 20 kg Harga yang tertera adalah harga per kg Untuk stock dan harga chat admin","","https://cdn.sanity.io/images/856jrik3/production/454fe82fba569938dcde40cb5c13e41dc7d602d0-304x240.jpg","","","","","OK — siap copy ke template","[TINGGI (varian 2,5kg)] Varian terkecil 2,5kg (lubang 5cm). HARGA PER KG — pecah 5 variasi (2,5/5/10/15/20kg)!",""
"189","Rubber Plate Basic 1,25kg, 2,5kg, 5kg, 10kg, 15kg, 20kg Lubang 3cm","Dumbell & Weight Plate","31000","10","TF-1308FC","1500","","","","Spesifikasi Produk: Material: Rubber Tipe: Plate Rubber Basic BM-PRBA50 / BM-PRBA30 Standar Lubang: 30 mm Berat Tersedia: 1,25kg, 2,5kg, 5kg, 10kg, 15kg, 20kg Warna: Hitam Penggunaan: Latihan beban & strength training Harga yang tertera adalah harga per kg Untuk stock dan harga mohon chat admin","","https://cdn.sanity.io/images/856jrik3/production/f026290c7ccd5c14108ee091c24bd8bf76e3b77f-1024x1024.jpg","https://cdn.sanity.io/images/856jrik3/production/c320acee938eff7b0cc2796ae1457f7f01c078c7-1024x1024.jpg","https://cdn.sanity.io/images/856jrik3/production/ae4a9dcf3d693898697ea6fab59001b207590199-1024x1024.jpg","https://cdn.sanity.io/images/856jrik3/production/16527429ae80df9d41cce6f792770db8fbefe69e-1024x1024.jpg","","OK — siap copy ke template","[TINGGI (varian 1,25kg)] Varian terkecil 1,25kg + packing (lubang 3cm). HARGA PER KG — pecah 6 variasi (1,25–20kg)!",""
"190","Rubber Plate Basic 2,5kg, 5kg, 10kg, 15kg, 20kg Lubang 5cm","Dumbell & Weight Plate","34000","10","TF-5B9A7A","2500","","","","Spesifikasi Produk: Material: Rubber Tipe: Plate Rubber Basic BM-PRBA50 / BM-PRBA30 Standar Lubang: Olympic 50 mm  Berat Tersedia: 2,5kg, 5kg, 10kg, 15kg, 20kg Warna: Hitam Penggunaan: Latihan beban & strength training Harga yang tertera adalah harga per kg Untuk stock dan harga mohon chat admin","","https://cdn.sanity.io/images/856jrik3/production/866824820b73a4714061ed46feee4e04efba5de3-450x450.jpg","https://cdn.sanity.io/images/856jrik3/production/c320acee938eff7b0cc2796ae1457f7f01c078c7-1024x1024.jpg","https://cdn.sanity.io/images/856jrik3/production/ae4a9dcf3d693898697ea6fab59001b207590199-1024x1024.jpg","https://cdn.sanity.io/images/856jrik3/production/16527429ae80df9d41cce6f792770db8fbefe69e-1024x1024.jpg","","OK — siap copy ke template","[TINGGI (varian 2,5kg)] Varian terkecil 2,5kg (lubang Olympic 5cm). HARGA PER KG — pecah 5 variasi (2,5–20kg)!",""
"191","Rubber Plate Elite 10kg Lubang 5cm","Dumbell & Weight Plate","425000","6","TF-22096B","10500","","","","Spesifikasi : + Diameter lubang 5cm + Bahan dari rubber berkualitas, solid + Cocok untuk pemakaian dirumah, atau di tempat fitness + Terdapat lubang samping yang berfungsi untuk pegangan, yang dapat digunakan latihan lain + Bagian tengah terdapat selongsong besi halus untuk menghindari goresan pada bar","","https://cdn.sanity.io/images/856jrik3/production/4686fb526cde224edf7fb0f8b8014200c1cd08e3-800x800.jpg","https://cdn.sanity.io/images/856jrik3/production/1b3b3c6653879a385454bac2f2058c5d839b56bf-1024x1024.jpg","https://cdn.sanity.io/images/856jrik3/production/a10f4d65b3bb074e93d304c831bd1406572f9134-1024x1024.jpg","https://cdn.sanity.io/images/856jrik3/production/579c6f4e9b91eeb5e289f4968f405f4e9aba889d-1024x1024.jpg","https://cdn.sanity.io/images/856jrik3/production/ce66ef68b08c8f379cc5cdb15cca966bcd7bfbcd-1024x1024.jpg","OK — siap copy ke template","[TINGGI] Nama produk 10kg + packing. Ukur dus saat packing.",""
"192","Rubber Plate Elite 15kg Lubang 5cm","Dumbell & Weight Plate","637500","5","TF-485CF3","15500","","","","Spesifikasi : + Diameter lubang 5cm + Bahan dari rubber berkualitas, solid + Cocok untuk pemakaian dirumah, atau di tempat fitness + Terdapat lubang samping yang berfungsi untuk pegangan, yang dapat digunakan latihan lain + Bagian tengah terdapat selongsong besi halus untuk menghindari goresan pada bar","","https://cdn.sanity.io/images/856jrik3/production/ff22802cd74d48bcd50dc2f9fe880c1757b1dc48-800x800.jpg","https://cdn.sanity.io/images/856jrik3/production/1b3b3c6653879a385454bac2f2058c5d839b56bf-1024x1024.jpg","https://cdn.sanity.io/images/856jrik3/production/a10f4d65b3bb074e93d304c831bd1406572f9134-1024x1024.jpg","https://cdn.sanity.io/images/856jrik3/production/579c6f4e9b91eeb5e289f4968f405f4e9aba889d-1024x1024.jpg","https://cdn.sanity.io/images/856jrik3/production/ce66ef68b08c8f379cc5cdb15cca966bcd7bfbcd-1024x1024.jpg","OK — siap copy ke template","[TINGGI] Nama produk 15kg + packing. Ukur dus saat packing.",""
"193","Rubber Plate Elite 2,5kg Lubang 5cm","Dumbell & Weight Plate","106250","6","TF-8D79E3","3000","","","","Spesifikasi : + Diameter lubang 5cm + Bahan dari rubber berkualitas, solid + Cocok untuk pemakaian dirumah, atau di tempat fitness + Terdapat lubang samping yang berfungsi untuk pegangan, yang dapat digunakan latihan lain + Bagian tengah terdapat selongsong besi halus untuk menghindari goresan pada bar","","https://cdn.sanity.io/images/856jrik3/production/57b7b1ff4c1fca45af325b087c5329b07c7c48f6-800x800.jpg","https://cdn.sanity.io/images/856jrik3/production/a10f4d65b3bb074e93d304c831bd1406572f9134-1024x1024.jpg","https://cdn.sanity.io/images/856jrik3/production/1b3b3c6653879a385454bac2f2058c5d839b56bf-1024x1024.jpg","https://cdn.sanity.io/images/856jrik3/production/579c6f4e9b91eeb5e289f4968f405f4e9aba889d-1024x1024.jpg","https://cdn.sanity.io/images/856jrik3/production/ce66ef68b08c8f379cc5cdb15cca966bcd7bfbcd-1024x1024.jpg","OK — siap copy ke template","[TINGGI] Nama produk 2,5kg + packing. Ukur dus saat packing.",""
"194","Rubber Plate Elite 20kg Lubang 5cm","Dumbell & Weight Plate","850000","6","TF-EB53A2","20500","","","","Spesifikasi : + Diameter lubang 5cm + Bahan dari rubber berkualitas, solid + Cocok untuk pemakaian dirumah, atau di tempat fitness + Terdapat lubang samping yang berfungsi untuk pegangan, yang dapat digunakan latihan lain + Bagian tengah terdapat selongsong besi halus untuk menghindari goresan pada bar","","https://cdn.sanity.io/images/856jrik3/production/28f697e3e2b25022fc9d9dfa58fc0fda8d02b525-800x800.jpg","https://cdn.sanity.io/images/856jrik3/production/1b3b3c6653879a385454bac2f2058c5d839b56bf-1024x1024.jpg","https://cdn.sanity.io/images/856jrik3/production/a10f4d65b3bb074e93d304c831bd1406572f9134-1024x1024.jpg","https://cdn.sanity.io/images/856jrik3/production/579c6f4e9b91eeb5e289f4968f405f4e9aba889d-1024x1024.jpg","https://cdn.sanity.io/images/856jrik3/production/ce66ef68b08c8f379cc5cdb15cca966bcd7bfbcd-1024x1024.jpg","OK — siap copy ke template","[TINGGI] Nama produk 20kg + packing. Ukur dus saat packing.",""
"195","Rubber Plate Elite 5kg Lubang 5cm","Dumbell & Weight Plate","212500","6","TF-11583D","5500","","","","Spesifikasi : + Diameter lubang 5cm + Bahan dari rubber berkualitas, solid + Cocok untuk pemakaian dirumah, atau di tempat fitness + Terdapat lubang samping yang berfungsi untuk pegangan, yang dapat digunakan latihan lain + Bagian tengah terdapat selongsong besi halus untuk menghindari goresan pada bar","","https://cdn.sanity.io/images/856jrik3/production/3084bdbd7e35d3cb8e093348a85e3a29c902c8e6-800x800.jpg","https://cdn.sanity.io/images/856jrik3/production/1b3b3c6653879a385454bac2f2058c5d839b56bf-1024x1024.jpg","https://cdn.sanity.io/images/856jrik3/production/a10f4d65b3bb074e93d304c831bd1406572f9134-1024x1024.jpg","https://cdn.sanity.io/images/856jrik3/production/579c6f4e9b91eeb5e289f4968f405f4e9aba889d-1024x1024.jpg","https://cdn.sanity.io/images/856jrik3/production/ce66ef68b08c8f379cc5cdb15cca966bcd7bfbcd-1024x1024.jpg","OK — siap copy ke template","[TINGGI] Nama produk 5kg + packing. Ukur dus saat packing.",""
"196","Running Belt Treadmill Electric","Sparepart","1250000","0","TF-0BAAD6","5000","","","","Untuk harga disesuaikan dengan ukuran yang dipesan Type ada 2 macam ( Diamond, Sandblees ) Mohon Chat Admin untuk harga pasti","","https://cdn.sanity.io/images/856jrik3/production/65064963e1e2f6fe050e702fcb255a0a176c65db-1500x2000.jpg","https://cdn.sanity.io/images/856jrik3/production/394bbda8415f8b44958775ae756753eb744c21e9-1024x1024.webp?fm=jpg","","","","OK — siap copy ke template","[SEDANG] ACUAN: running belt commercial 560×3255mm = 5kg (Fitbox). UKURAN CUSTOM per pesanan — timbang & ukur tiap order!","STOK 0 — isi stok dulu (stok 0 tidak bisa dibeli); berat/dimensi perlu verifikasi: UKURAN CUSTOM per pesanan — timbang & ukur tiap order!"
"197","Sabuk Angkat Beban Fitness Bahan Kulit","Stick & Accessories","225000","2","TF-4E7FD6","1000","","","","* Bahan PU warna hitam, jahitan yang indah, bahan PU yang tahan lama, gesper stainless steel. Berkualitas tinggi dan bermanfaat. * Lindungi otot -otot punggung bawah, tulang belakang lumbar dan jaringan lunak dari cedera. * Fungsi Pelatihan: Kencangkan otot lumbar dan membantu mengembangkan kekuatan. * Stabilitas: Gesper memiliki 2 pin untuk memberi Anda penutupan yang paling ketat, tidak mudah dilonggarkan. * Disesuaikan: Sabuk memiliki lubang, Anda dapat menyesuaikan panjang sesuai kebutuhan.","","https://cdn.sanity.io/images/856jrik3/production/ae0c352811ec8665c07085a650c570826c224b53-800x678.jpg","https://cdn.sanity.io/images/856jrik3/production/dfad0f8b61fa5d84123aa562acae639a76c2480d-450x425.jpg","https://cdn.sanity.io/images/856jrik3/production/5ef0cd1141e6f6cd294c26b9c8e6ccc55bc1af95-1024x178.jpg","","","OK — siap copy ke template","[SEDANG] ACUAN: belt PU L = 0,8kg (JakartaNotebook); belt kulit gross 0,5kg (Alibaba) + packing. Ukur kemasan saat packing.","berat/dimensi perlu verifikasi: Ukur kemasan saat packing."
"198","Seated Preacher Curl U3044 DHZ","Commercial Fitness","6500000","0","TF-69A125","49000","132","84","97","Seated Preacher Curl is designed to provide users with targeted comfort training to effectively activate the biceps. The easily adjustable seat accommodates users of different sizes , the elbow rests help with proper customer positioning, and the dual barbell catch provides two starting positions. Weight : 49kg Dimension : 132 x 84 x 97 cm Features : Free Weight , Oversized Arm Pad , Wear Covers","","https://cdn.sanity.io/images/856jrik3/production/d687c7e1e151331db60ce2cdcf8f0e69629c129a-750x821.webp?fm=jpg","","","","","OK — siap copy ke template","[TINGGI] Deskripsi milik sendiri: 132×84×97cm, 49kg. Kargo + packing kayu.","STOK 0 — isi stok dulu (stok 0 tidak bisa dibeli)"
"199","Sepeda Statis Magnetic TL-360B","Sepeda Statis & Crosstrainer","2580000","5","TF-46B6D9","25000","87","48","130","Berat Bersih / Kotor	:	23 kg / 25 kg Beban Maksimum	:	130 kg Dimensi	:	87 x 48 x 130 cm Control Tension	:	8 Level Magnetic Resistance Monitor	:	Time, Speed, Distance, Calorie, Pulse, ODO Garansi	:	12 Bulan Resmi Total Fitness","","https://cdn.sanity.io/images/856jrik3/production/c7c5718c380bf85fd5d52787a20adcd1ddc224c3-1280x1600.jpg","https://cdn.sanity.io/images/856jrik3/production/97681c070f9652f40b34fd932ca73e288ddef780-440x409.png","","","","OK — siap copy ke template","[TINGGI] Deskripsi milik sendiri: 87×48×130cm, NW/GW 23/25kg (pakai GW). Kargo + packing kayu.",""
"200","Sepeda Statis Magnetic TL-8208","Sepeda Statis & Crosstrainer","2480000","5","TF-CF5869","20000","64","26","56","Monitor : LED,LCD,Time,Speed,Hand Pulse  Sensor Feature : Hand Pulse Sensor Max Weight : 100kg Dimenson : 89 x 49 x 119 cm Dmension Box : 64 x 26 x 56 cm NW/GW : 18/20kg","","https://cdn.sanity.io/images/856jrik3/production/3b251f30035c9b2a2f4d512b56dcd32df9600893-445x447.png","https://cdn.sanity.io/images/856jrik3/production/05d9cca7bc11e4b1ee709b97e6d4f716165a586e-756x629.jpg","https://cdn.sanity.io/images/856jrik3/production/996d45b0876f7734a879af58d9bc3a9aba8a23a6-454x436.png","","","OK — siap copy ke template","[TINGGI] Deskripsi milik sendiri: dus 64×26×56cm, NW/GW 18/20kg (pakai GW). Foto terisi otomatis dari Sanity.",""
"201","Sepeda Statis Orbitrack Plat TL-8290","Sepeda Statis & Crosstrainer","3190000","5","TF-393CFF","34000","98","22","66.5","Spesifikasi sepeda statis orbitrack : Dilengkapi dengan monitor Jarak, Kecepatan, Kalori yang dibakar, detak jantung, dan waktu tempuh Berat maksimal pengguna sampai 120 Kg. Dilengkapi dengan pemberat gir untuk gerakan ringan, sedang dan berat. Dilengkapi dengan twister untuk melatih pinggang Dilengkapi dengan 2 dumble 2kg dan 2 dumble 3 kg Assembly Size: 98 x 22 x 71 cm. + / – level resistance. Carton Orbitrack Size: 98 x 22 x 66.5 cm. Carton Twister Size: 47 x 7 x 27 cm.","","https://cdn.sanity.io/images/856jrik3/production/12a0cd996150f0cd1c66e39bb6f2485bf2dbd11e-487x488.png","https://cdn.sanity.io/images/856jrik3/production/d29e20548702e3a81ce70521169ea00f65ef9bf8-493x478.png","https://cdn.sanity.io/images/856jrik3/production/b68eba95f81cc3c3a5697e4743f300fa6c51644a-477x486.png","https://cdn.sanity.io/images/856jrik3/production/2665cc0cfab6b5524b22912534a84e74d14bb665-336x343.jpg","","OK — siap copy ke template","[SEDANG] Okefitnes TL-8290 (dus SAMA PERSIS 98×22×66,5): NW/GW 31/34kg. Varian lain 41kg — timbang! 2 koli (orbitrack + twister).","berat/dimensi perlu verifikasi: Varian lain 41kg — timbang! 2 koli (orbitrack + twister)."
"202","Sepeda Statis Platinum Bike TL-8207","Sepeda Statis & Crosstrainer","1550000","6","TF-B0AAAC","17000","88","19","59","Monitor                   : LCD Screen, Timer, Calories, Distance, Speed & Hand Pulse Sensor Max Weight             : 125 Kg Dimension Product  : 113 x 52 x 149 Cm Dimension Box         : 88 x 19 x 59 Cm NW / GW                  : 15 / 17 Kg","","https://cdn.sanity.io/images/856jrik3/production/2ca7ae55820726bf63891cf55c6c5eba13ccffa6-1280x1600.jpg","https://cdn.sanity.io/images/856jrik3/production/b5499acc222c94d7d04713bcde6665376f71e16f-475x487.png","https://cdn.sanity.io/images/856jrik3/production/bd93559fd30e3014cfbd2cd1376b80835f55102c-495x472.png","https://cdn.sanity.io/images/856jrik3/production/69dd0df2f9c9ee1b4b2cfe75f51751901d6cc5ee-475x488.png","","OK — siap copy ke template","[TINGGI] Deskripsi milik sendiri: dus 88×19×59cm, NW/GW 15/17kg (pakai GW). Foto terisi otomatis dari Sanity.",""
"203","Sepeda Statis Recumbent TL-368R","Sepeda Statis & Crosstrainer","3350000","5","TF-8A5222","30000","138","67","118","Model	:	TL-368R (Ultimate Series – AXIONMOVE) Tipe	:	Recumbent Magnetic Bike (sepeda statis duduk bersandar) NW / GW	:	27 kg / 30 kg Beban Maksimum	:	130 kg Dimensi	:	138 x 67 x 118 cm Control Tension	:	8 Level Magnetic Resistance Monitor	:	Time, Speed, Distance, Calorie, Pulse, ODO Garansi	:	12 Bulan Resmi Total Fitness","","https://cdn.sanity.io/images/856jrik3/production/6e0206e814b8251dbf44ecc3cfb1072d416638b7-1280x1600.jpg","https://cdn.sanity.io/images/856jrik3/production/6bf76cd0732d1c1e0dd173cf25f2350b151f1416-439x405.png","","","","OK — siap copy ke template","[TINGGI] Deskripsi milik sendiri: 138×67×118cm, NW/GW 27/30kg (pakai GW). Kargo + packing kayu.",""
"204","Sepeda Statis Spinning Bike TL-8300 New","Sepeda Statis & Crosstrainer","3080000","5","TF-45667E","37000","96","54","120","- Roda besi : 13 Kg - Max pengguna : 130 Kg - Monitor : Kalori, Detak jantung, Waktu, kecepatan, Jarak tempuh - Dimensi produk : 96 x 54 x 120 cm - NW/GW : 35/37 Kg","","https://cdn.sanity.io/images/856jrik3/production/b9f16efa30c558dfab101cb8f0ae169f6e29e0b0-1280x1600.jpg","https://cdn.sanity.io/images/856jrik3/production/2355972a8d9cda2acbfc2871d600e6553f101523-445x454.png","https://cdn.sanity.io/images/856jrik3/production/957c558232cbb24c284408d62366749c2c5899e0-450x443.png","https://cdn.sanity.io/images/856jrik3/production/734ded2fb13aaaf1a015dd17275e7cecbb2771ac-434x446.png","","OK — siap copy ke template","[TINGGI] Deskripsi milik sendiri: 96×54×120cm, NW/GW 35/37kg (pakai GW). Kargo + packing kayu.",""
"205","Sepeda Statis Spinning Bike TL-960","Sepeda Statis & Crosstrainer","2480000","5","TF-951A88","27000","108","49","128","- MOnitor : LCD LED - Roda Besi : 6 kg - Max berat pengguna : 110 kg - Fitur ; Kalori, Detak Jantung, waktu,kecepatan, Jarak tempuh - Dimensi produk : 108 x49 x 128 cm - NW/GW : 24/27 kg - Warna : Kuning & Merah","","https://cdn.sanity.io/images/856jrik3/production/25485c3d430f172735548171fd63816f90f3631e-403x406.png","https://cdn.sanity.io/images/856jrik3/production/97670d57f79da5f3ee5370567408880cab57178e-410x400.png","https://cdn.sanity.io/images/856jrik3/production/7f623908e5901bf5e047f85cde806bac82281a0a-402x406.png","https://cdn.sanity.io/images/856jrik3/production/f64cc80e60dbf408a166e8b37e3b6efe3d3efa61-348x364.png","","OK — siap copy ke template","[TINGGI] Deskripsi milik sendiri: 108×49×128cm, NW/GW 24/27kg (pakai GW). Kargo + packing kayu.",""
"206","Sepeda Statis Wind Bike TL-8202","Sepeda Statis & Crosstrainer","1550000","6","TF-984BE9","21000","87","23","63","- MONITOR	:	LCD LED, WAKTU, KECEPATAN, PEGUKUR DETAK JANTUNG - FITUR	:	HAND PULSE SENSOR, - MAKSIMAL BERAT	:	150 Kg - DIMENSI KEMASAN	:	87x 23 x 63 Cm - DIMENSI PRODUK	:	102 x 47 x 112 Cm - NW/GW	:	18/21 Kg","","https://cdn.sanity.io/images/856jrik3/production/b635ba075f74046af2a87457f64ceb50eba1f996-1280x1600.jpg","https://cdn.sanity.io/images/856jrik3/production/ac48097affe865759cc5c68f9467e41d1c3bbd2e-485x485.png","https://cdn.sanity.io/images/856jrik3/production/42f684708f34aaec96075eb2a57ec94b48d17862-492x485.png","https://cdn.sanity.io/images/856jrik3/production/66c117bc72e63cf60cadef8a7f9942bfe65c0143-482x490.png","","OK — siap copy ke template","[TINGGI] Deskripsi milik sendiri: dus 87×23×63cm, NW/GW 18/21kg (pakai GW). Foto terisi otomatis dari Sanity.",""
"207","Sepeda Statis X-Bike TL-925","Sepeda Statis & Crosstrainer","2049000","3","TF-D017FE","19000","115","42","21","- Rangka : Pipa besi - Max pengguna : 100 Kg - Dimensi produk : 78 x 40 x 104 cm - Dimensi kemasan : 115 x 42 x 21 cm - NW/GW : 17/19 Kg - Warna : Hitam, Orange","","https://cdn.sanity.io/images/856jrik3/production/a3833e457866b1e85f7766ad844291d04e44dd8b-491x492.png","https://cdn.sanity.io/images/856jrik3/production/666c4960a51d41537acff83f0473b0d0ddd12f7c-485x460.png","https://cdn.sanity.io/images/856jrik3/production/8e296cea7051935350cc6d8cbe67423b59286cb6-483x484.png","","","OK — siap copy ke template","[TINGGI] Deskripsi milik sendiri: dus 115×42×21cm, NW/GW 17/19kg (pakai GW). Foto terisi otomatis dari Sanity.",""
"208","Shoulder Press U3006C DHZ","Commercial Fitness","17800000","2","TF-572C00","236000","183","133","163","Platinum Series Shoulder Press use a decline back pad with an adjustable seat to better stabilize the torso while adapting to users of different sizes. Simulate shoulder press to better realize shoulder biomechanics. The divice is also equipped with comfortable handles with different posotions, which increases the comfort of exercises and the variety of exercises.  Dimension : 183 x 133 x 163 cm Weight : 236 kg Weight Stack : 110 kg","","https://cdn.sanity.io/images/856jrik3/production/eee2825d202465460d6246c4eeddf07ac5bcd595-536x530.png","","","","","OK — siap copy ke template","[TINGGI] Deskripsi milik sendiri: 183×133×163cm, 236kg (stack 110kg). Truk + asuransi.",""
"209","Shoulder Press Y935Z DHZ","Commercial Fitness","20500000","0","TF-32E94A","146000","129","126","149","Shoulder Press provide the feel of free weight training , with an excellent biomechanical design ideal for strengthening delts , triceps and upper traps by replicating the overhead press. The indepedently motion arms guarantee the balanced strength increase abd allow the user to train independently. Weight : 146kg Dimension : 129 x 126 x 149 cm Features : Direct Transmission , Nice Grip , More Balanced","","https://cdn.sanity.io/images/856jrik3/production/685f01cdac8dba75a80646bb840f4f6afbf4056b-750x750.webp?fm=jpg","","","","","OK — siap copy ke template","[TINGGI] Deskripsi milik sendiri: 129×126×149cm, 146kg. Kargo/truk + asuransi.","STOK 0 — isi stok dulu (stok 0 tidak bisa dibeli)"
"210","Single Handle Solid","Stick & Accessories","250000","4","TF-A2FF02","1000","","","","Single handle grip chrome standard biasa digunakan dalam latihan menggunakan cable crossover, biceps, triceps, dll Grade : Komersial Use  Bahan besi lapis chrome solid Pegangan / grip roller (bisa berputar) Ukuran P=15cm, L=14cm Berat = 700gr","","https://cdn.sanity.io/images/856jrik3/production/860ecbc16af40f996a1dbbf1e1e368625c9f0d80-684x809.jpg","https://cdn.sanity.io/images/856jrik3/production/ca4eca63e6a8eba3af95666655ca2d3a32f06be7-663x663.jpg","https://cdn.sanity.io/images/856jrik3/production/1e4da7e2abda94d573be7060fc4288c520ab2e7e-702x1024.jpg","","","OK — siap copy ke template","[TINGGI] Deskripsi milik sendiri: 700gr + packing. Ukur kemasan saat packing.",""
"211","Single Handle Strap","Stick & Accessories","125000","1","TF-B58E13","500","","","","Single Handle Strap merupakan tambahan alat aksesories gym sebagai handle grip untuk latihan katrol dll Bahan Kanvas Nylon, sangat kuat Panjang pegangan 13cm, lebar strap 3,5cm Berat = 200gr","","https://cdn.sanity.io/images/856jrik3/production/612504145be3c1476ad37563e3d09b9c3b19f26d-659x975.jpg","https://cdn.sanity.io/images/856jrik3/production/de6ad1e4fcf393cbe2ac94ae3dd1a3459676fa37-653x1024.jpg","https://cdn.sanity.io/images/856jrik3/production/752aa14518ef8a5fed5db51304f2f3d83c277ac6-663x1024.jpg","","","OK — siap copy ke template","[TINGGI] Deskripsi milik sendiri: 200gr + packing. Ukur kemasan saat packing.",""
"212","Single Pole Paralel Bars Jupiterfit","Fitness Outdoor","9900000","0","TF-440F6B","55000","195","160","55","Dimensi : 195*160*55cm","","https://cdn.sanity.io/images/856jrik3/production/aac6f70c351cd0a8c750ab2657acb0cde440dcd3-581x591.jpg","","","","","OK — siap copy ke template","[SEDANG] ACUAN: parallel bars outdoor 240×77×142cm = 57kg (alatfitnessoutdoor.com). Tanya supplier Jupiterfit / timbang untuk pastikan.","STOK 0 — isi stok dulu (stok 0 tidak bisa dibeli); berat/dimensi perlu verifikasi: Tanya supplier Jupiterfit / timbang untuk pastikan."
"213","Sit Up Bench Total TL-712","Home Gym & Bench Press","600000","7","TF-4CB35F","9000","135","16","33","- TINGKAT KEMIRINGAN DAPAT DISESUIAKAN - BANTALAN YANG EMPUK SANGAT MEMBERIKAN KENYAMANAN - TERDAPAT BANTALAN PADA KUNCIAN KAKI - MAKSIMAL BERAT : 80 Kg - DIMENSI KEMASAN : 135 x 16 x 33 Cm - DIMENSI PRODUK : 146 x 41 x 66 Cm - NW/GW : 8/9 Kg - WARNA : MERAH, KUNING, & BIRU","","https://cdn.sanity.io/images/856jrik3/production/2100646fea1cdaefdef206d8e9ce466910c41c61-1440x1440.jpg","https://cdn.sanity.io/images/856jrik3/production/7788be8faa2d18ab001f8b87784d289ca0a64649-473x490.png","","","","OK — siap copy ke template","[TINGGI] Deskripsi milik sendiri: dus 135×16×33cm, NW/GW 8/9kg (pakai GW). Foto terisi otomatis dari Sanity.",""
"214","Smith Machine MultiGym Station Commercial TL-088","Commercial Fitness","47000000","2","TF-7D293E","460000","202","90","37","- Dimensi perakitan : 149 x 220 x 198cm - Ketebalan tabung : 3mm - Ukuran tabung : 40 x 120 cm - N.W/G.W : 408/460kg - Dimensi Box : 2020 x 900 x 370mm - Fungsi : Smith Machne, Chin Up, Cable Crossover, Lat Pull Down, Rowing machine, Tricep, Bicep, dll","","https://cdn.sanity.io/images/856jrik3/production/49ce1ec401ede959d9e6c3834888672144c17085-491x487.png","https://cdn.sanity.io/images/856jrik3/production/c5f92d63a27e4bb5044474e8a9368c7edb7d5fba-479x454.png","https://cdn.sanity.io/images/856jrik3/production/36467e0cf4caa296b931a669011d0d030eab9710-466x482.png","","","OK — siap copy ke template","[TINGGI] Deskripsi milik sendiri: box 202×90×37cm, NW/GW 408/460kg (pakai GW). TRUK + asuransi + teknisi.",""
"215","Smith Machine MultiGym TL-099 ( Free Rubber Plate 40kg )","Commercial Fitness","32900000","3","TF-B24C18","460000","210","170","225","- Dimensi produk : 210 x 170 x 225 cm - Weight Stack : 150kg - Fungsi : High Pulling,Low Pulling,Chest Fly,Preacher Squat,Abdominal,Butterfly,Chest Press,Squat,Rowing,Leg Press - Color : Black & Red","","https://cdn.sanity.io/images/856jrik3/production/0a4bca8b293d07dc86c0cf95901a0fb3b71d304e-1600x1600.jpg","https://cdn.sanity.io/images/856jrik3/production/c63256cd2eeb190348bc645263881f60a0b6bd58-1600x1600.jpg","https://cdn.sanity.io/images/856jrik3/production/ed6b6852c5da2287d2f494aaec926de99b1ddb88-2132x2560.jpg","https://cdn.sanity.io/images/856jrik3/production/16dc629b1151dbddf6a2722137101555410dfed2-2406x2560.jpg","","OK — siap copy ke template","[SEDANG] ACUAN kakak TL-088 (stack sama 150kg): GW 460kg. TotalFitnes resmi tanpa berat total. WAJIB TIMBANG! Multi-koli + gratis plate 40kg (hitung terpisah).","berat/dimensi perlu verifikasi: WAJIB TIMBANG! Multi-koli + gratis plate 40kg (hitung terpisah)."
"216","Smith Machine U3063 DHZ","Commercial Fitness","24500000","2","TF-AD6880","258000","109","218","232","Platinum Series Smith Machine is popular among users as an innovative, stylish and safe plate loaded machine. The vertical motion of the smith bar provides a stable path to assist exercisers in achieving the correct squat. Multiple locking positions allow users stop training by rotating the smith bar at any point during process of the exercise and acushioned base on the bottom protects the machine from damage caused by a sudden drop of the load bar.  Dimension : 109 x 218 x 232 cm Weight : 258 Kg","","https://cdn.sanity.io/images/856jrik3/production/50c72ac25ccb10274f1bdac55e6b45a21a0aab6e-392x414.png","","","","","OK — siap copy ke template","[TINGGI] Deskripsi milik sendiri: 109×218×232cm, 258kg. TRUK + asuransi + teknisi.",""
"217","Sok Bumbung As Smith Machine","Sparepart","80000","2","TF-894409","500","","","","Bahan Teflon  Diameter dalam 3cm  Diameter luar4.6cm Panjang 6cm Fungsi untuk sok bumbung dan as naik turun pada Smith machine","","https://cdn.sanity.io/images/856jrik3/production/bcc7f82ded11aba403ca71e7c24739451daa0990-450x388.jpg","","","","","OK — siap copy ke template","[SEDANG] HITUNG densitas teflon (±130g, acuan pulley batch 20: 115g) + packing. Ukur kemasan saat packing.","berat/dimensi perlu verifikasi: Ukur kemasan saat packing."
"218","Spinning Bike Racer Commercial","Sepeda Statis & Crosstrainer","6390000","3","TF-E56466","49000","107","20","85","- Monitor : Shuttle Flying,(Speed, Calories, Distance &APP) Phone & Ipad Holder - Flywheel : 15kg - Transmission system : Belt - Handle : Dipping Hnadle Bar - Max User : 125Kg - Dimensi Produk : 127 x 64 x 120 cm - Dimensi Kemasan : 107 x 20 x 85 cm - NW/GW : 43/49 Kg","","https://cdn.sanity.io/images/856jrik3/production/8b416d4d3d9a1826c20e80e736cfbab86c5a33f2-409x406.png","https://cdn.sanity.io/images/856jrik3/production/57434e42d63b104f171013efc51759f4c454ab70-409x399.png","https://cdn.sanity.io/images/856jrik3/production/91e52859bfb852afa6f0276f65c8a105c5050602-402x407.png","","","OK — siap copy ke template","[TINGGI] Deskripsi milik sendiri: dus 107×20×85cm, NW/GW 43/49kg (pakai GW). Kargo + packing kayu.",""
"219","Spon Busa Kaki Alat Fitness","Sparepart","130000","9","TF-012A5B","500","20","11","11","Spon busa yang biasa digunakan pada alat gym. Bahan terbuat dari busa tebal rebonik dilapisi kain kulit imitasi, mudah dibersihkan maupun diganti, sangat kuat standart alat fitness gym   Ukuran : Panjang : 20cm Diameter dalam(lubang) : 2cm Dameter luar : 11cm Berat : 250gr","","https://cdn.sanity.io/images/856jrik3/production/59d2f7be2d88569a1fdeee79d43a462449e70384-728x800.jpg","https://cdn.sanity.io/images/856jrik3/production/b228a365de12d05a015ecedc24be0b1cd5effde7-259x441.jpg","https://cdn.sanity.io/images/856jrik3/production/c2c93a17ce9007c8b2d396538594ce3e830ba665-619x710.jpg","https://cdn.sanity.io/images/856jrik3/production/df1a74d3ac4062342c51b4b94d524a6f55fe5367-450x317.jpg","","OK — siap copy ke template","[TINGGI] Deskripsi milik sendiri: 250gr, 20cm × Ø11cm + packing. Foto terisi otomatis dari Sanity.",""
"220","Squat Rack U3050 DHZ","Commercial Fitness","12000000","0","TF-981EC3","122000","185","173","180","Squat Rack offers multiple bar catches to ensure the correct starting position for different squat workouts. the inclined design ensures a clear training path, and the double-sided limiter protects the user from the injury caused by the sudden drop of the barbell Weight : 122kg Dimension : 185 x 173 x 180 cm Features : Sturdy Frame , Wear Covers , Angled Design","","https://cdn.sanity.io/images/856jrik3/production/cb650aad235cad9e2de878f6f06d8f666d3e98a8-750x812.webp?fm=jpg","","","","","OK — siap copy ke template","[TINGGI] Deskripsi milik sendiri: 185×173×180cm, 122kg. Kargo/truk + asuransi.","STOK 0 — isi stok dulu (stok 0 tidak bisa dibeli)"
"221","Stair Climber TL-8200","Home Gym & Bench Press","990000","6","TF-85CF74","12500","90","14","50","Material : PP, Rubber , dan Besi  - Fungsi : Melatih otot pinggul, otot perut, otot paha dan otot kaki  - Max berat : 100 KG  - Dimensi kemasan : 90 x 14 x 50 Cm  - Dimensi produk : 87 x 49 x 128 cm  - NW/GW : 11/12,5 KG  - Warna : Merah, Orange, Biru","","https://cdn.sanity.io/images/856jrik3/production/1cb09f90a5bc900ff718d4b3a46c30e588be7fb1-900x900.webp?fm=jpg","https://cdn.sanity.io/images/856jrik3/production/be092c400b46695aace459dd6d65310a2cd06655-900x900.webp?fm=jpg","https://cdn.sanity.io/images/856jrik3/production/39c9084137cbd9569f916cf08417f70a831aa527-900x900.webp?fm=jpg","","","OK — siap copy ke template","[TINGGI] Deskripsi milik sendiri: dus 90×14×50cm, NW/GW 11/12,5kg (pakai GW). Foto terisi otomatis dari Sanity.",""
"222","Standing Multi Flight U2046 DHZ","Commercial Fitness","25800000","2","TF-AD89A5","322000","143","89","199","Variable strength device for shoulder and chest exercises while standing, strength arms adjustable in height and limited by angle sdjustment. Safe design and constant weight load compared to dumbbells Dimension : 143 x 89 x 199 cm Weight : 322kg Weight Stack : 80kg Features : C-Shapes Grips, Easy to Start, Easy Enterance and Exit","","https://cdn.sanity.io/images/856jrik3/production/23069954598b2ce5952d3527a7bc0b72743f155f-750x750.webp?fm=jpg","","","","","OK — siap copy ke template","[TINGGI] Deskripsi milik sendiri: 143×89×199cm, 322kg (stack 80kg). TRUK + asuransi + teknisi.",""
"223","Stick Bar 150cm Diameter 2,5cm","Stick & Accessories","247500","3","TF-A8841B","8500","","","","Bahan : Besi Chrome Import High Quality Panjang : 150cm Diameter lubang : 2.5 cm Berat : 8 kg","","https://cdn.sanity.io/images/856jrik3/production/182c29dba68723094d0fa0d150148d161a7a1938-1024x1024.jpg","https://cdn.sanity.io/images/856jrik3/production/3a3a7bb8dbf385dffd2f81eaecf59d8524bb1d36-1024x1024.jpg","https://cdn.sanity.io/images/856jrik3/production/63258d51ab300344b3378d2407273c29011261de-1024x1024.webp?fm=jpg","","","OK — siap copy ke template","[TINGGI] Deskripsi milik sendiri: 8kg, panjang 150cm + packing. Panjang 150cm — ukur kemasan/pipa.",""
"224","Stick Bar 180cm Diameter 2,5cm","Stick & Accessories","280000","3","TF-8532C1","8500","","","","Bahan : Besi Chrome Import High Quality Panjang : 180cm Diameter lubang : 2.5 cm Berat : 8kg","","https://cdn.sanity.io/images/856jrik3/production/c5a9357fb10dfe4d763568bc7ba2c02ad820b56e-1024x1024.jpg","https://cdn.sanity.io/images/856jrik3/production/93dbb22b526168deb4892af0953e16d469a6d047-450x356.jpg","https://cdn.sanity.io/images/856jrik3/production/afa52d6b85aa03ed51dedd7bc8462aac41a0f046-1024x1024.jpg","https://cdn.sanity.io/images/856jrik3/production/37938f7566e3e614d37b82d2314f3762dd8e7f5e-1024x1024.jpg","","OK — siap copy ke template","[TINGGI] Deskripsi milik sendiri: 8kg, panjang 180cm + packing. Panjang 180cm — ukur kemasan/pipa.",""
"225","Stick Bar 200cm Diameter 2,5cm","Stick & Accessories","320000","1","TF-BDC93B","8500","","","","Bahan : Besi Chrome Import High Quality Panjang : 200cm Diameter bar : 2.5 cm Berat : 8kg","","https://cdn.sanity.io/images/856jrik3/production/b808f20aa9f4c1c9b165a0b0233a3f348384fce3-450x450.jpg","https://cdn.sanity.io/images/856jrik3/production/b43f0bfa167801e3aa92321c136c3d9827e3ac57-450x450.jpg","https://cdn.sanity.io/images/856jrik3/production/dd99f49390c188aaddd784fc52873fecb0f2be22-450x450.jpg","","","OK — siap copy ke template","[TINGGI] Deskripsi milik sendiri: 8kg, panjang 200cm + packing. Panjang 200cm — ukur kemasan/pipa.",""
"226","Stick Bar Olympic 180cm 5cm","Stick & Accessories","536500","0","TF-5829BD","12000","","","","Bahan : Besi Chrome Import High Quality Panjang : 180cm Diameter lubang : 5cm Berat : 11,5kg","","https://cdn.sanity.io/images/856jrik3/production/6788be253858cad698615c9548b9b8226e0c93de-450x450.jpg","https://cdn.sanity.io/images/856jrik3/production/cb2efe650f75f0ef97b32d13e5b2826ea5194876-900x900.jpg","https://cdn.sanity.io/images/856jrik3/production/3e1bddd66c1ba84d57507ecd731e70108dd92117-900x900.jpg","","","OK — siap copy ke template","[TINGGI] Deskripsi milik sendiri: 11,5kg, panjang 180cm + packing. Panjang 180cm — ukur kemasan/pipa.","STOK 0 — isi stok dulu (stok 0 tidak bisa dibeli)"
"227","Stick Bar Olympic 212cm Stainless 5cm","Stick & Accessories","2000000","3","TF-0B39C9","18500","","","","Spesifikasi: Bahan As Stainless tahan karat Berat 18kg Panjang: 212 cm Diameter: 5 cm","","https://cdn.sanity.io/images/856jrik3/production/1aa7377b53817e4429081b03f1682d25e4cd2f27-640x177.jpg","https://cdn.sanity.io/images/856jrik3/production/d76823f77d371b6775af4396d329dbcb8fb208f7-432x288.jpg","","","","OK — siap copy ke template","[TINGGI] Deskripsi milik sendiri: 18kg, panjang 212cm + packing. Panjang 212cm — kargo, ukur kemasan.",""
"228","Stick Bar Olympic 220cm 5cm","Stick & Accessories","1000000","2","TF-E06747","20500","","","","Panjang : 220cm Diameter lubang : 5cm Berat : 20kg Bahan : Baja berkualitas tinggi Warna : Chrome","","https://cdn.sanity.io/images/856jrik3/production/836034ca0f7e370b11a818c49e073801072e6115-804x800.jpg","https://cdn.sanity.io/images/856jrik3/production/0820f9364178e6a5372f686b635a0765f95cfdf0-804x800.jpg","","","","OK — siap copy ke template","[TINGGI] Deskripsi milik sendiri: 20kg, panjang 220cm + packing. Panjang 220cm — kargo, ukur kemasan.",""
"229","Stick Body Pump 1set","Stick & Accessories","400000","2","TF-FCB093","4500","","","","Bahan Besi Coating Hitam Panjang 118cm  Diameter 3cm Berat stick 1,3kg Include Rubber Plate 1.25kg=2pcs","","https://cdn.sanity.io/images/856jrik3/production/b0a829009188bf9851d5b39bb76c384d507d8dda-180x180.jpg","https://cdn.sanity.io/images/856jrik3/production/cf29cd61c393c81b7b5af05af598e0b5ea392241-429x127.jpg","https://cdn.sanity.io/images/856jrik3/production/4cccdcad46a294d5cec5347b92fed3d1ffdc164b-180x118.jpg","","","OK — siap copy ke template","[TINGGI] HITUNG deskripsi: 1,3 + 2×1,25 = 3,8kg + packing. Panjang 118cm — ukur kemasan.",""
"230","Stick Curl Bar 120cm Diameter 2,5cm","Stick & Accessories","225000","4","TF-5766C2","5000","","","","Spesifikasi : Berat 4,5KG Panjang 120cm Diameter : 2,5cm (cocok utk plate 3cm atau tidak lebih dari 3,1cm) Bahan Solid full besi Coating chrome Collar/ pengunci sudah termasuk 2pc","","https://cdn.sanity.io/images/856jrik3/production/4727aaa33d86364ec6c3ef41c0e3ea477daedec1-205x180.jpg","https://cdn.sanity.io/images/856jrik3/production/76297e6182e5478013fa9af92ca1f7013e638cfb-800x800.jpg","","","","OK — siap copy ke template","[TINGGI] Deskripsi milik sendiri: 4,5kg + 2 collar + packing. Panjang 120cm — ukur kemasan.",""
"231","Stick Curl Bar Olympic 5cm","Stick & Accessories","370000","1","TF-60922D","7500","","","","Bahan : Besi Chrome Panjang : 120cm Diameter Lubang : 5cm Berat : 7kg","","https://cdn.sanity.io/images/856jrik3/production/c9a93ea4605fa8a137f867bf58fcd4ef457b29a1-450x450.jpg","https://cdn.sanity.io/images/856jrik3/production/2a3a6cdc0ddd451382404d6b4e851773a07ae0b6-900x900.jpg","https://cdn.sanity.io/images/856jrik3/production/fcd7aa24923582937c6387452d73b30d38242e07-800x800.jpg","","","OK — siap copy ke template","[TINGGI] Deskripsi milik sendiri: 7kg, panjang 120cm + packing. Panjang 120cm — ukur kemasan.",""
"232","Stick Hexa Bar Olympic 5cm","Stick & Accessories","1750000","0","TF-432392","23500","","","","Spesifikasi : Material Full Besi Solid Ukuran : P 60cm x L 140cm Ukuran Space Bagian Tengah : 60cm x 60cm Berat Barbel: 23kg Diameter Untuk Plate 5cm Diameter Pegangan 2,8cm","","https://cdn.sanity.io/images/856jrik3/production/0d4225a427e8b0c55aca7bfd2136528c19ab44f1-800x800.jpg","https://cdn.sanity.io/images/856jrik3/production/f959e3c766af8958e02f30ff4cafb775703897d2-800x800.jpg","https://cdn.sanity.io/images/856jrik3/production/2ba6a73b2a57f0a4c223c91ddedd9b142aee14a6-800x800.jpg","","","OK — siap copy ke template","[TINGGI] Deskripsi milik sendiri: 23kg, 60×140cm + packing. Bentuk hexa — ukur kemasan.","STOK 0 — isi stok dulu (stok 0 tidak bisa dibeli)"
"233","Stick Solid Dumbell Uk.35x2,5cm","Stick & Accessories","77500","6","TF-F88775","2000","","","","Stick Dumbell Bar 35cm Diameter 2,5cm Harga adalah 1pcs Stick Stick bar pendek yang digunakan untuk dumbell, dengan plate terpisah atau cocok jika sudah mempunyai plate sendiri. bahan tebal berkualitas, Solid full besi. Spesifikasi : Berat 1.45KG Panjang 35cm Diameter : 2,5cm (cocok utk plate 3cm atau tidak lebih dari 3,1cm) Bahan Solid full besi Coating chrome Collar/ pengunci sudah termasuk 2pc Grip rubber/karet, tidak licin Max Used Weight 50kg","","https://cdn.sanity.io/images/856jrik3/production/85b3e98a97341c94cd356a9004fbae0d01278b66-450x450.webp?fm=jpg","https://cdn.sanity.io/images/856jrik3/production/35e22dd85964de72b24889bfe47415fc72a23f15-450x450.jpg","https://cdn.sanity.io/images/856jrik3/production/da0b669c32fd4a08fba52e18ef1dfefdb4d1dc9c-1024x1024.jpg","https://cdn.sanity.io/images/856jrik3/production/737f17d8672aef9e7a87f76bc9d8d692d376d994-450x450.jpg","","OK — siap copy ke template","[TINGGI] Deskripsi milik sendiri: 1,45kg + 2 collar + packing. Harga per pcs.",""
"234","Stick Solid Dumbell Uk.35x2,8cm","Stick & Accessories","130000","6","TF-24B09B","3000","","","","Stick Dumbell  - Bahan Besi lapis Chrome - Panjang 35cm - Diameter 2,8cm - Berat 2,5kg - Termasuk kunci drat 2pcs - Cocok buat plate lubang 3cm","","https://cdn.sanity.io/images/856jrik3/production/147222d68a4b175e61550eebef4b65b85d985fed-756x756.webp?fm=jpg","https://cdn.sanity.io/images/856jrik3/production/14908cb1b06a68a965af5a99760a3b0b56956e97-543x543.webp?fm=jpg","https://cdn.sanity.io/images/856jrik3/production/55018dc0a34ca84a88c2a8b06dfe01010e3419e1-1024x1024.jpg","","","OK — siap copy ke template","[TINGGI] Deskripsi milik sendiri: 2,5kg + 2 kunci drat + packing. Ukur kemasan saat packing.",""
"235","Stick Tricep Bar 2,5cm","Stick & Accessories","368000","2","TF-674338","6500","","","","Spesifikasi : Berat 6KG Panjang 86cm Diameter : 2,5cm (cocok utk plate 3cm atau tidak lebih dari 3,1cm) Bahan Solid full besi Coating chrome Collar/ pengunci sudah termasuk 2pc","","https://cdn.sanity.io/images/856jrik3/production/ceab91ad99f8a1af353bb8e1098be4f1375d7714-700x700.jpg","","","","","OK — siap copy ke template","[TINGGI] Deskripsi milik sendiri: 6kg, 86cm + 2 collar + packing. Panjang 86cm — ukur kemasan.",""
"236","Stick Tricep Bar Olympic 5cm","Stick & Accessories","650000","1","TF-436A3E","12000","","","","Bahan : Besi Chrome Import High Quality Panjang : 95cm Diameter lubang : 5cm Sudah include dengan 2pc pengunci beban","","https://cdn.sanity.io/images/856jrik3/production/7415aa877502265f3f1f0a1824fd37695593d868-442x336.jpg","https://cdn.sanity.io/images/856jrik3/production/1297ef744ae1303c877e1230b2500f894bb1b24c-900x900.webp?fm=jpg","https://cdn.sanity.io/images/856jrik3/production/deb2a99aa54b489303495d2b27013b50f98cdcd7-180x180.jpg","https://cdn.sanity.io/images/856jrik3/production/f03e6f76040a25c7d9ee1c33dc06d71526b45b03-1024x1024.jpg","","OK — siap copy ke template","[SEDANG] ACUAN: Body-Solid OB34 86cm = 10kg (tanpa collar); punya sendiri 95cm + 2 kunci + packing. Timbang saat packing!","berat/dimensi perlu verifikasi: Timbang saat packing!"
"237","Super Bench U3036 DHZ","Commercial Fitness","6500000","0","TF-7D5947","61000","162","72","81","Super Bench is a popular exercise bench in every fitness area. whether it's free weight training or combined equipment training. Super bench demonstrates a hogh standard of stability and adaptation. The large adjustable range allows users to perform most strength training. Dimension : 162 x 72 x 81 cm Weight : 61kg Features : Easy to Move , Ergonomic Design , Multi-Combination Adjustment","","https://cdn.sanity.io/images/856jrik3/production/8dc21aff477916491e8036a19620be7e57179580-750x750.webp?fm=jpg","","","","","OK — siap copy ke template","[TINGGI] Deskripsi milik sendiri: 162×72×81cm, 61kg. Kargo + packing kayu.","STOK 0 — isi stok dulu (stok 0 tidak bisa dibeli)"
"238","Super Squat U3065 DHZ","Commercial Fitness","21800000","2","TF-197529","165000","231","107","204","Super Squat offers both forward and reverse squat training modes to activate the major muscles of the thighs and hips. The wide , angled foot platform keeps the users path of motion on an incline plane, greatly releasing pressure on the spine. The locking lever will automatically drop when you start training and can be easily reset by pedaling when you exit. Weight :  165kg Dimension : 231 x 107 x 204 cm Features : Dual Training Posture , More Focused , Weight Plate Storage","","https://cdn.sanity.io/images/856jrik3/production/504f6f41946c28e7ab15dbd801da3b99fa8e078a-750x794.webp?fm=jpg","","","","","OK — siap copy ke template","[TINGGI] Deskripsi milik sendiri: 231×107×204cm, 165kg. TRUK + asuransi + teknisi.",""
"239","Suspension Trainer TRX","Stick & Accessories","350000","0","TF-EBCF9C","2000","","","","- Bodymaster Suspension Trainer + Box - Door Anchor - Suspension Anchor - Xtender - Pouch Benefit dari Latihan Suspension Trainer : - Latihan hanya dengan menggunakan Berat Badan anda - Portable, sudah include Door Anchor, jadi agan bisa latihan bahkan kalo lagi jalan, tinggal digantung di pintu hotel - Mudah di gunakan dan ada Level nya, anda bisa pilih Tingkat Kesulitan di Tiap Gerakannya. - Membakar Lemak - Meningkatkan fleksibilitas dan daya tahan - Setiap latihan melatih CORE ( Perut ), dan setiap gerakan melatih lebih dari 1 Otot. - Dengan latihan Suspension Trainer , Otot Lebih Flexible dan Terlihat Lebih Lean.","","https://cdn.sanity.io/images/856jrik3/production/cb0b97059faa7b502ecf81f98605646ef1d54bf0-800x800.jpg","https://cdn.sanity.io/images/856jrik3/production/3c39116f640cab1256d0441bf29673b9f03601a2-800x800.jpg","https://cdn.sanity.io/images/856jrik3/production/9a9a1b8a7ab823aace4f83e0a4b241400f552401-800x800.jpg","https://cdn.sanity.io/images/856jrik3/production/8f628323cae32a461902a113c457875530b02ea4-800x800.jpg","","OK — siap copy ke template","[SEDANG] ACUAN: IFitFun TRX set (Rp390rb) = 2kg; TRX ori 1,19kg. Timbang saat packing!","STOK 0 — isi stok dulu (stok 0 tidak bisa dibeli); berat/dimensi perlu verifikasi: Timbang saat packing!"
"240","Tali Sling Hitam Import 6mm","Sparepart","70000","100","TF-2AE8F6","500","","","","Bahan Seling baja impor lapisan karet Diameter 6mm Harga per meter","","https://cdn.sanity.io/images/856jrik3/production/a0157f10505261b967b231c6b9acd37e14b45088-697x1024.jpg","https://cdn.sanity.io/images/856jrik3/production/f25f731f168332fe80a0524ab4867fa4ebca7434-450x450.webp?fm=jpg","","","","KURANG — perbaiki dulu","[SEDANG] TABEL: wire rope 6mm 6×19 = 0,15kg/m (Monotaro) + lapis karet + packing. Harga PER METER — berat × jumlah meter!","berat/dimensi perlu verifikasi: Harga PER METER — berat × jumlah meter!"
"241","Tali Sling Hitam Lokal 6mm","Sparepart","40000","50","TF-8164CF","500","","","","Kawat Sling baja lapis pvc Diameter 6mm Harga per meter","","https://cdn.sanity.io/images/856jrik3/production/3ff20d9f8dbca8b7551f156d32b102d11d098e69-608x1080.jpg","","","","","KURANG — perbaiki dulu","[SEDANG] TABEL: wire rope 6mm = 0,15kg/m (Monotaro) + lapis PVC + packing. Harga PER METER — berat × jumlah meter!","berat/dimensi perlu verifikasi: Harga PER METER — berat × jumlah meter!"
"242","Tali Sling Putih Lokal 6mm","Sparepart","25000","100","TF-19379F","500","","","","Kawat Sling baja lapis pvc untuk Alat Fitness  Diameter 6mm","","https://cdn.sanity.io/images/856jrik3/production/c50914c7373a8c29c1b16c49b7f723dca9a9c962-450x450.webp?fm=jpg","","","","","OK — siap copy ke template","[SEDANG] TABEL: wire rope 6mm = 0,15kg/m (Monotaro) + lapis PVC + packing. Konfirmasi satuan (per meter?)!","berat/dimensi perlu verifikasi: Konfirmasi satuan (per meter?)!"
"243","Thimble Sling Pembentuk dan Pelindung Tali Sling","Sparepart","15000","6","TF-28D8AD","500","","","","Thimble adalah alat yang digunakan untuk menjaga bentuk alami mata wire rope dari hentakan dan tarikan dan juga berfungsi untuk melindungi wire rope agar tidak terjepit  dan terkikis sehingga umur wire rope pun akan semakin lama. Bahan : plat stainless Panjang : 4,9 cm Lebar : 2,7cm Tebal : 1,1 cm Berat : 15gr","","https://cdn.sanity.io/images/856jrik3/production/d47d33442c3f2799de478f83fc34b0cf3c4726c5-450x286.jpg","","","","","OK — siap copy ke template","[TINGGI] Deskripsi milik sendiri: 15gr + packing. Ukur kemasan saat packing.",""
"244","Three Position Waist Twister Total Fitness","Fitness Outdoor","10500000","0","TF-9148DE","50000","150","130","130","Total Fitness Three Position Waist Outdoor Spesifikasi : Dimensi : 150 x 130 x 130 Cm Warna : Merah Kuning Kegunaan : Twister  * Produk sudah termasuk angkur dan pelindung angkur * Produk tidak di dalam dus * Harap Konfirmasi pembelian terlebih dahulu","","https://cdn.sanity.io/images/856jrik3/production/868fc513e78dc78e54d85c3d6f2bdca8762d8a4d-450x450.webp?fm=jpg","https://cdn.sanity.io/images/856jrik3/production/e5618adb7c17f16654b8a123d26980a50fce8116-1024x1024.webp?fm=jpg","","","","OK — siap copy ke template","[TINGGI] Katalog New Quality Group: Weight 50 kg, dims 150×130×130 sama persis. Tidak dalam dus — kargo + packing kayu, konfirmasi dulu.","STOK 0 — isi stok dulu (stok 0 tidak bisa dibeli)"
"245","Three Seats Waist Swivel Jupiterfit","Fitness Outdoor","13500000","0","TF-3D869E","60000","185","185","135","Dimensi : 185*185*135cm","","https://cdn.sanity.io/images/856jrik3/production/421cc87c51f1822e781470a8ab5853fc1930666a-311x316.jpg","","","","","OK — siap copy ke template","[SEDANG] ACUAN: twister 3-seat outdoor sejenis; stasiun besar sekelas 50–65kg. WAJIB tanya supplier / timbang (unit triple besar). Kargo + packing kayu.","STOK 0 — isi stok dulu (stok 0 tidak bisa dibeli); berat/dimensi perlu verifikasi: WAJIB tanya supplier / timbang (unit triple besar). Kargo + packing kayu."
"246","Treadmill Commercial Manual Curve TL-800","Treadmill & Walking Pad","28000000","5","TF-2C380D","190000","210","86","148","Monitor : LCG, Waktu, Kalori, Jarak Tempuh, Kecepatan Running Material : ABS Rubber Area Berlari : 170 x 48 cm Dimensi Produk : 210 x 86 x 148 cm Max berat badan pengguna : 180 kg NW/GW : 150/190 kg","","https://cdn.sanity.io/images/856jrik3/production/f07e4ed48f761a4d7847fa8a17c3250c3ff1c849-1280x1600.jpg","https://cdn.sanity.io/images/856jrik3/production/abd671459f22e92d47f023c1e28ca543b93538ed-491x490.png","https://cdn.sanity.io/images/856jrik3/production/ccee534e2cc413cf2f857a31234aa2c39ea00a39-495x470.png","https://cdn.sanity.io/images/856jrik3/production/e27c16dd2a5b43b0b6daaacfb6dddb1780edbcb0-478x485.png","","OK — siap copy ke template","[TINGGI] Deskripsi milik sendiri: 210×86×148cm, NW/GW 150/190kg (pakai GW). TRUK + asuransi + teknisi.",""
"247","Treadmill Electric TL-122 Motor DC 3HP","Treadmill & Walking Pad","11200000","2","TF-C4E840","93000","184","90","32","- Motor : 3HP DC - Kecepatan : 1.0 - 20 Km/jam - Monitor : Kalori,Detak jantung,Waktu,Kecepatan,Body fat,Jarak tempuh - Program : P1 - P60 - Area berlari : 143 x 50 cm - Incline : Auto incline 1-20 Derajat - Koneksi APP : Fitshow - Max pengguna : 130 Kg - Dimensi produk : 188 x 92 x 143 cm - Dimensi lipat : 184 x 90 x 32 cm - NW/GW : 84/93 Kg - Warna : Merah & Silver","","https://cdn.sanity.io/images/856jrik3/production/7569ac181dd9f7a3965baac5af0a848c08bc8ab9-311x386.png","https://cdn.sanity.io/images/856jrik3/production/f468b81b904848207a2747e97fb2ca714229fc11-485x489.png","https://cdn.sanity.io/images/856jrik3/production/1bb216a90dc8a1b0ec001e473cf11afe0b8043d1-478x486.png","https://cdn.sanity.io/images/856jrik3/production/7df0b07e29ee4616a55c740aab1db0ec2dc0301f-475x490.png","","OK — siap copy ke template","[TINGGI] Deskripsi milik sendiri: lipat 184×90×32cm, NW/GW 84/93kg (pakai GW). Kargo/truk + packing kayu.",""
"248","Treadmill Electric TL-130","Treadmill & Walking Pad","5280000","2","TF-011650","63000","171","73","28","Spesifikasi : - Motor : 2.0hp DC Motor - Speed : 1.0-14.0 km/h - Monitor : Hand pulse,Body Fat,Time,Speed,Distance,Calorie - Program : P1-P8 - Running Belt : 1200 x 450 x 1.6 mm - Incline : 3 Level Manual Incline - Speakers : Mp3, Usb - Max User Weigth : 110 Kg - Product Assembly Dimension : 170 x 70 x 127 cm ( p x l x t ) - Produk Folding Dimension : 80 x 70 x 145 cm - N.W/G.W(kgs) : 57 / 63 KG - Box Dimension : 171 x 73 x 28 cm","","https://cdn.sanity.io/images/856jrik3/production/84080ca466e7fba869616dd01fc5679106a0c59d-1280x1600.jpg","https://cdn.sanity.io/images/856jrik3/production/7cb6e492842221512b788242311b97dfb80a9b7b-447x446.png","https://cdn.sanity.io/images/856jrik3/production/e60f6b44c27b8f5a2a66ba175cb941a3699e1f93-450x456.png","","","OK — siap copy ke template","[TINGGI] Deskripsi milik sendiri: box 171×73×28cm, NW/GW 57/63kg (pakai GW). Kargo + packing kayu.",""
"249","Treadmill Electric TL-146","Treadmill & Walking Pad","9280000","2","TF-906373","79000","210","83","140","- Motor : DC 2,5HP - Kecepatan : 1.0 - 20.0 Km/h - Monitor : LCD, Waktu,Calori,Kecepatan,Jarak Tempuh,Body Fat,Detak Jantung - Program : P1-P60 - Area Berlari : 49 x 147cm - Incline : Auto Incline 0 - 18 derajat - Speaker : USB & MP3, Connect aplikasi Fitshow - Max berat : 130 Kg - Dimensi produk : 210 x 83 x 140cm - NW/GW : 71/79 kg","","https://cdn.sanity.io/images/856jrik3/production/7e670ad0e9dd1a372620252c417ea038cc057b83-1280x1600.jpg","https://cdn.sanity.io/images/856jrik3/production/b5148912101bd058ac76f1eb7fe863883ef9e94c-493x488.png","https://cdn.sanity.io/images/856jrik3/production/e25a315f542d6d9eaea3a3246408c66e6fd23cec-479x486.png","https://cdn.sanity.io/images/856jrik3/production/5e4426d9d5bca16941cc768d812906847d474a39-473x493.png","","OK — siap copy ke template","[TINGGI] Deskripsi milik sendiri: 210×83×140cm, NW/GW 71/79kg (pakai GW). Kargo/truk + packing kayu.",""
"250","Treadmill Electric TL-177 Motor 4HP","Treadmill & Walking Pad","13380000","0","TF-D79AA4","100000","193","86","140","Spesifikasi Produk: Motor: DC 4 HP Speed: 1.0 – 18 Km/H Auto Incline: Level 1 – 18 Program: P1 – P24 (beragam program latihan otomatis) Running Belt: 140 x 51 cm Max Weight: 150 Kg Dimensi: 193 x 86 x 140 cm","","https://cdn.sanity.io/images/856jrik3/production/2a1ce768d12b2cba5527dcaad908e785bd2fc805-1280x1600.jpg","https://cdn.sanity.io/images/856jrik3/production/0499f0b4bc7a08ce30b9c216d5acd87dee60c9c4-380x348.png","https://cdn.sanity.io/images/856jrik3/production/22a2b2516ae5b7cf0b14699f417e6c96fa18cafb-305x385.png","","","OK — siap copy ke template","[SEDANG] ACUAN kakak TL-188 (ukuran mirip 195×80×150): GW 100kg. WAJIB TIMBANG! TRUK + asuransi.","STOK 0 — isi stok dulu (stok 0 tidak bisa dibeli); berat/dimensi perlu verifikasi: WAJIB TIMBANG! TRUK + asuransi."
"251","Treadmill Electric TL-188 Motor 3HP","Treadmill & Walking Pad","11380000","2","TF-704386","100000","187","86","37","Motor : 3 HP DC Motor Speed : 1-18 km/h Monitor : Hand Pulse, Body Fat Time, Speed, Distance, Calorie & HP Holder Program : P1-P12 Running Belt : 1350 x 480 x 1.6 mm Incline : 1-15% Automatic  Speakers : Mp3, USB  Multifungsi : Sit Up, Dumbell, Massanger Max Weight : 140 Kg Product Dimension : 195 x 80 x 150 cm Folding Dimension : 155 x 80 x 155 cm N.W/G.W (kgs) : 90/100 Kg Box Dimension : 187 x 86 x 37 cm","","https://cdn.sanity.io/images/856jrik3/production/af8b301913b3642d019b849691f1c992d30ee26e-1280x1600.jpg","https://cdn.sanity.io/images/856jrik3/production/5ed6c23496e8f6d6ced092e4d88c0133ddcd9c88-408x411.png","https://cdn.sanity.io/images/856jrik3/production/7c86617912d833a7cc76683f1f226ace47b3dfa4-419x404.png","https://cdn.sanity.io/images/856jrik3/production/20adaef87f4d2815869d7c94fa8cdc2f6e166ab7-397x405.png","","OK — siap copy ke template","[TINGGI] Deskripsi milik sendiri: box 187×86×37cm, NW/GW 90/100kg (pakai GW). TRUK + asuransi.",""
"252","Treadmill Electric TL-198 Motor 4HP","Treadmill & Walking Pad","10800000","2","TF-0E58F3","100000","177","85","143","- Motor : 4HP DC - Kecepatan : 1.0 - 22 Km/jam - Monitor : Kalori,Detak jantung,Waktu,Kecepatan,Body fat,Jarak tempuh - Area berlari : 135 x 53 cm - Incline : Auto incline 1-20 - App : Fitshow - Max pengguna : 150 Kg - Dimensi produk : 177 x 85 x 143 cm - Program : P1 - P12","","https://cdn.sanity.io/images/856jrik3/production/2db35c02df550e81fb526535802e475858116018-1280x1600.jpg","https://cdn.sanity.io/images/856jrik3/production/6e6a0258866493bc7f451ed737d645b58dcc3e5a-1600x1511.jpg","","","","OK — siap copy ke template","[SEDANG] ACUAN kakak TL-122 (ukuran mirip, motor 3HP): GW 93kg → 4HP ≈ 100kg. WAJIB TIMBANG! TRUK + asuransi.","berat/dimensi perlu verifikasi: WAJIB TIMBANG! TRUK + asuransi."
"253","Treadmill Electric TL-266","Treadmill & Walking Pad","3990000","2","TF-41FF0B","43000","135","62","104","- Motor : 1,5HP DC - Kecepatan : 1.0 - 14 Km/Jam - Monitor : Kalori, Detak Jantung, Waktu, Kecepatan, Jarak tempuh - Area berlari : 40 x 105 cm - Incline : Manual incline - Speaker : USB & MP3 - Fitur : Mesin pijat - Max pengguna : 100kg - Dimensi produk : 135 x 62 x 104 cm - NW/GW : 34/43 Kg","","https://cdn.sanity.io/images/856jrik3/production/670b7404d40212b5e7e2286d142b3bf76716f380-311x391.png","https://cdn.sanity.io/images/856jrik3/production/58d7914237c1ca058dd26c191b1f65f441a09f2b-449x448.png","https://cdn.sanity.io/images/856jrik3/production/04fde103a7024714faa84ded4a580765156c2724-452x446.png","","","OK — siap copy ke template","[TINGGI] Deskripsi milik sendiri: 135×62×104cm, NW/GW 34/43kg (pakai GW). Kargo + packing kayu.",""
"254","Treadmill Electric TL-26AC Motor 6HP","Treadmill & Walking Pad","39900000","2","TF-EDDFE9","205000","210","92","166","Deskripsi - Touch screen - Motor : AC 7 HP - Speed : 1 - 20 Km/Jam - Monitor : LCD Touch Screen. Kalori, Detak Jantung, Waktu, Jarak Tempuh, Kecepatan, Body Fat - Are Berlari : 169 x 57 cm - Max Pengguna : 180 Kg - Dimensi produk : 210 x 92 x 166 cm - NW/GW : 164/205 Kg","","https://cdn.sanity.io/images/856jrik3/production/bafcc28b6271f4adaf0b623e6813bdfe122ec661-1282x1600.jpg","https://cdn.sanity.io/images/856jrik3/production/edb96e7957c15526cb1fa6699e6529ab5558b9f5-401x409.png","https://cdn.sanity.io/images/856jrik3/production/f918d215e907b3cdcd5353a5e156650489e45c7f-398x399.png","https://cdn.sanity.io/images/856jrik3/production/6fbb1fb39ecd4205597ef895e4aaa54b0922791d-400x407.png","","OK — siap copy ke template","[TINGGI] Deskripsi milik sendiri: 210×92×166cm, NW/GW 164/205kg (pakai GW). TRUK + asuransi + teknisi.",""
"255","Treadmill Electric TL-270","Treadmill & Walking Pad","6790000","2","TF-CA22A9","63000","171","75","29","- Motor : 2 HP - Kecepatan : 0,8 - 12 km - Incline otomatis (Auto Incline) : 0 - 15 % - Run Area 1350 x 450 x 1,8 mm - Fungsi Layar Komputer : Mengetahui waktu, detak jantung, kalori, jarak tempuh dan kecepatan. - Foldable hidrolis system - Hand pulse & handle kecepatan pada pegangan tangan","","https://cdn.sanity.io/images/856jrik3/production/9b5eeba8c9564cd62f8fb4413534caebbafa8de6-396x408.png","https://cdn.sanity.io/images/856jrik3/production/01355ccbbee836d2b4d379d5deb6685d9567c13b-417x403.png","https://cdn.sanity.io/images/856jrik3/production/f5d8e0d617edff9ab42423c72288ea270763280f-404x404.png","","","OK — siap copy ke template","[SEDANG] Ragaria TL-270 (tipe sama persis): box 171×75×29cm, NW/GW 56/63kg. Timbang saat packing! Kargo + packing kayu.","berat/dimensi perlu verifikasi: Timbang saat packing! Kargo + packing kayu."
"256","Treadmill Electric TL-288","Treadmill & Walking Pad","5280000","2","TF-B783E5","63000","","","","• Motor	:	2 HP • Kecepatan	:	0, 8 - 14 km • Incline manual	:	1 - 12 % • Run Area 1350 x 450 x 1, 8 mm • Fungsi Layar Komputer	:	Mengetahui waktu, detak jantung, kalori, jarak tempuh dan kecepatan. • Foldable hidrolis system • Hand pulse & handle kecepatan pada pegangan tangan","","https://cdn.sanity.io/images/856jrik3/production/58120c8cec7f37a36fddcc48f5305cc98756cbfb-412x418.png","https://cdn.sanity.io/images/856jrik3/production/6ecfb3aa5ce89210b46f6cf0820e1bae20ed1fbe-425x419.png","https://cdn.sanity.io/images/856jrik3/production/1b4ec5d28affd26fb887a87991e32da914f471fb-414x418.png","","","OK — siap copy ke template","[SEDANG] ACUAN kakak TL-270 (belt sama 1350×450): GW 63kg. WAJIB TIMBANG + UKUR! Kargo + packing kayu.","berat/dimensi perlu verifikasi: WAJIB TIMBANG + UKUR! Kargo + packing kayu."
"257","Treadmill Electric TL-299","Treadmill & Walking Pad","5550000","2","TF-F7B84F","60000","125","56","140","Monitor Lengkap	:	Waktu, Kecepatan, Jarak, Kalori, Bluetooth Music, USB Type-C & Speaker ✅ Program Latihan	:	P1 – P12 + Body Fat Test ✅ Kecepatan	:	0.8 – 12 km/jam ✅ Incline Manual	:	3 level untuk variasi latihan ✅ Running Belt	:	43 x 115 cm, nyaman & luas ✅ Beban Maksimal	:	120 kg ✅ Dimensi	:	125 x 56 x 140 cm ✅ Fungsi Tambahan	:	Massage & Sit Up","","https://cdn.sanity.io/images/856jrik3/production/fca4ed3700e0e8e23c3a61387ec2e98afd5291fc-443x448.png","https://cdn.sanity.io/images/856jrik3/production/656b5d87be57277197bf1730999a469295fbb2c5-442x441.png","https://cdn.sanity.io/images/856jrik3/production/91b91a2ac17c1b31574f3a447b8606d29a758c0c-442x443.png","https://cdn.sanity.io/images/856jrik3/production/7ff232f6aec9f10c8f5dd52bd879c4ef959289d1-446x449.png","","OK — siap copy ke template","[SEDANG] ACUAN kakak TL-625 (GW 54) & TL-680 (max sama 120kg, GW 73) → ≈60kg. WAJIB TIMBANG! Kargo + packing kayu.","berat/dimensi perlu verifikasi: WAJIB TIMBANG! Kargo + packing kayu."
"258","Treadmill Electric TL-333","Treadmill & Walking Pad","8680000","2","TF-7AC785","72000","168","80","33","SPESIFIKASI TREADMILL TL-333 - Motor : DC 2,5HP - Kecepatan : 1.0 - 15 Km/h - Monitor : LCD, Waktu,Calori,Kecepatan,Jarak Tempuh,Body Fat,Detak Jantung - Program : P1-P12 - Area Berlari : 128 x 45cm - Incline : Auto Incline 0 - 15 derajat - Speaker : USB & MP3, Connect aplikasi Fitshow,Charger - Max berat : 130 Kg - Dimensi produk : 162 x 75 x 139cm - Dimensi kemasan : 168 x 80 x 33 cm - NW/GW : 64/72 kg - Dilengkapi : Auto refill oil","","https://cdn.sanity.io/images/856jrik3/production/7d7fe7c9b235ad1ec6aac81334adc56de49a9fb4-1280x1600.jpg","https://cdn.sanity.io/images/856jrik3/production/4f88c3355bcd1d17ec0dad4af9ff21cb8f0b107e-490x488.png","https://cdn.sanity.io/images/856jrik3/production/4e97a68cf0710e6d9bc3320d5b5cfbd66d24b2eb-501x489.png","https://cdn.sanity.io/images/856jrik3/production/aab1173c2cc5d6def2b4a26b8429afb4364c442e-468x487.png","","OK — siap copy ke template","[TINGGI] Deskripsi milik sendiri: dus 168×80×33cm, NW/GW 64/72kg (pakai GW). Kargo/truk + packing kayu.",""
"259","Treadmill Electric TL-33AC Motor 4HP","Treadmill & Walking Pad","23800000","0","TF-55186E","131000","","","","Spesifikasi Treadmill TL-33AC - Motor : 4.0 HP AC Motor - Speed : 1.0 - 22.0 kmh - Monitor : Hand Pulse,Gradient Time, Speed, Distance, Calorie - Running Belt : 1.500 x 530 mm - Other Fuction : Mp3 & USB - Incline : 1-15% Automatic Incline - Max Weight : 150Kg - NW/GW : 119/131 Kg","","https://cdn.sanity.io/images/856jrik3/production/fdea27d6e177a537d99cb4477dc8b5a169c84cf6-402x407.png","https://cdn.sanity.io/images/856jrik3/production/275cafddd0e3fea47b5f6d6ef9bf26baa86c11c4-400x404.png","https://cdn.sanity.io/images/856jrik3/production/b14131632bef2e83891e45c61cb0d1a0770723b4-399x404.png","https://cdn.sanity.io/images/856jrik3/production/7add928750431e8bc6310608fb2b899cb3e6440b-423x435.png","","OK — siap copy ke template","[TINGGI] Deskripsi milik sendiri: NW/GW 119/131kg (pakai GW). Ukur dus. TRUK + asuransi.","STOK 0 — isi stok dulu (stok 0 tidak bisa dibeli)"
"260","Treadmill Electric TL-33TT AC Motor 4HP","Treadmill & Walking Pad","26500000","2","TF-E38508","131000","200","92","159","- Motor : AC 4 HP - Speed : 1 - 22 Km/Jam - Monitor : ANDROID 15,6 inch. Kalori, Detak Jantung, Waktu, Jarak Tempuh, Kecepatan, Body Fat - Area Berlari : 162 x 53 cm - Max Pengguna : 150 Kg - Dimensi produk : 200 x 92 x 159 cm - NW/GW : 119/131 Kg","","https://cdn.sanity.io/images/856jrik3/production/a4e811a59e8a63e48b777a3449553563a065fee6-486x493.png","https://cdn.sanity.io/images/856jrik3/production/aa332b57a10b4aad087f3cf05bc8705447af678f-482x488.png","https://cdn.sanity.io/images/856jrik3/production/7fec5227f51ca95ee3c1b3b47258c32a815e7a57-399x405.png","","","OK — siap copy ke template","[TINGGI] Deskripsi milik sendiri: 200×92×159cm, NW/GW 119/131kg (pakai GW). TRUK + asuransi.",""
"261","Treadmill Electric TL-55AC Motor 4HP","Treadmill & Walking Pad","15200000","2","TF-D2235B","100000","193","86","140","SPESIFIKASI TL-55 AC - Motor : AC 4 HP - Speed : 1 - 20 Km/Jam - Monitor :Kalori, Detak Jantung, Waktu, Jarak Tempuh, Kecepatan, Body Fat - Area Berlari : 140 x 51 cm - Max Pengguna : 150 Kg - Dimensi produk : 193 x 86 x 140 cm - Incline ; Auto Incline 1-18 - Fan : 1-2-3 - Connect Aplikasi Fitshow","","https://cdn.sanity.io/images/856jrik3/production/7b6cca2f923fa031d8a7cf5b04bc1f660c0ce1b4-438x400.png","","","","","OK — siap copy ke template","[SEDANG] ACUAN kakak TL-177 (dims sama persis 193×86×140, max sama 150kg): GW 100kg. WAJIB TIMBANG! TRUK + asuransi.","berat/dimensi perlu verifikasi: WAJIB TIMBANG! TRUK + asuransi."
"262","Treadmill Electric TL-55TT AC Motor 4HP","Treadmill & Walking Pad","18200000","0","TF-5A6A85","131000","204","93","144","SPESIFIKASI TL-55 TT - Motor : AC 4 HP - Speed : 1 - 20 Km/Jam - Monitor : Android 16 inch (Touch Screen),Kalori, Detak Jantung, Waktu, Jarak Tempuh, Kecepatan, Body Fat - Area Berlari : 145 x 58 cm - Max Pengguna : 150 Kg - Dimensi produk : 204 x 93 x 144 cm - Incline : Auto Incline 1-18 - Fan : 1-2-3 - Connect Aplikasi Fitshow","","https://cdn.sanity.io/images/856jrik3/production/29be4b6f78d68266bfcf2d2528a08fee4c9e197d-1280x1600.jpg","https://cdn.sanity.io/images/856jrik3/production/6afd691a481ef733e798d9dc052fc14849bdcb32-440x403.png","","","","OK — siap copy ke template","[SEDANG] ACUAN kakak TL-33TT (AC 4HP Android, max sama 150kg): GW 131kg. WAJIB TIMBANG! TRUK + asuransi.","STOK 0 — isi stok dulu (stok 0 tidak bisa dibeli); berat/dimensi perlu verifikasi: WAJIB TIMBANG! TRUK + asuransi."
"263","Treadmill Electric TL-625","Treadmill & Walking Pad","5700000","2","TF-6E703E","54000","154","76","26","-Motor	:	2 hp DC Motor -Speed	:	1.0 - 14.0 km/h -Monitor	:	Hand Pulse, Body fat,Time,Speed,Distance,Calorie -Program	:	P1 - P12 -Running Belt	:	1200 x 420 x 1,6 mm -Incline	:	3 Level manual Incline -Speakers	:	MP3 -Max Weight User	:	100kg -Product Dimension	:	143 x 74 x 128 cm -Folding Dimension	:	80 x 71 x 135 cm -NW/GW	:	47/54 kg -Box Dimension	:	154 x 76 x 26 cm","","https://cdn.sanity.io/images/856jrik3/production/1583243b730d27dccf792147a95307cfcb04af23-447x450.png","https://cdn.sanity.io/images/856jrik3/production/907d74c7f5d9ac13e9d957c26383eb09cac15382-437x447.png","https://cdn.sanity.io/images/856jrik3/production/e3b39209265fbf8ec7a989c3becb1ed7711482e1-446x445.png","https://cdn.sanity.io/images/856jrik3/production/d1a5e0ee4bf8b4c82fc0a9c5a50d8ecce3852980-444x447.png","","OK — siap copy ke template","[TINGGI] Deskripsi milik sendiri: box 154×76×26cm, NW/GW 47/54kg (pakai GW). Kargo + packing kayu.",""
"264","Treadmill Electric TL-629","Treadmill & Walking Pad","3790000","2","TF-0A8A10","36000","136","52","106","- Motor	:	1,5 HP DC - Kecepatan	:	1.0 - 12 Km/Jam - Monitor	:	Kalori, Detak jantung, Waktu, Kecepatan, Jarak Tempuh, Body Fat - Area berlari	:	40 x 110 cm - Incline	:	Manual incline - Speaker	:	USB,MP3 + Charger - Fitur	:	Mesin pijat, Tempat Silicon oil - Max pengguna	:	100 Kg - Dimensi produk	:	136 x 52 x 106 cm - NW/GW	:	27/36 Kg","","https://cdn.sanity.io/images/856jrik3/production/60be3338f2e773c8d8e8dbb5f89e6a561f9dec04-441x444.png","https://cdn.sanity.io/images/856jrik3/production/bd8729571cda38954fe3e7f496958b8f2699b7f2-409x403.png","https://cdn.sanity.io/images/856jrik3/production/7f73d7e8e79c6cf688b04a2d7981852d46db8a26-406x408.png","","","OK — siap copy ke template","[TINGGI] Deskripsi milik sendiri: 136×52×106cm, NW/GW 27/36kg (pakai GW). Kargo + packing kayu.",""
"265","Treadmill Electric TL-633","Treadmill & Walking Pad","6380000","2","TF-A76A2C","60000","140","64","127","Kecepatan: 1.0–14 km/jam Daya Motor: DC 2HP Ukuran Sabuk: 42 x 110 cm Dimensi Alat: 140 x 64 x 127 cm Maksimum Beban: 120 kg","","https://cdn.sanity.io/images/856jrik3/production/6f56d6bfb598d3419610c50c4751d3b21f8db5de-440x604.jpg","https://cdn.sanity.io/images/856jrik3/production/587d3e49acb611566aee06fd0ed58f6f2bf1409b-443x446.png","https://cdn.sanity.io/images/856jrik3/production/212144b37a538fba1d49f2b4826b7e5360984c84-445x443.png","https://cdn.sanity.io/images/856jrik3/production/62d2107bf0b56b2a5580eff779427d5f935c093d-435x446.png","","OK — siap copy ke template","[SEDANG] ACUAN kakak TL-66 (max sama 120kg): GW 70kg → ukuran lebih kecil ≈60kg. Resmi tanpa berat. WAJIB TIMBANG! Kargo + packing kayu.","berat/dimensi perlu verifikasi: WAJIB TIMBANG! Kargo + packing kayu."
"266","Treadmill Electric TL-66","Treadmill & Walking Pad","7650000","2","TF-BC5919","70000","169","79","33","- Motor : DC 2,5HP - Kecepatan : 1.0 - 16.0 Km/h - Monitor : LCD, Waktu,Calori,Kecepatan,Jarak Tempuh,Body Fat,Detak Jantung - Program : P1-P24 - Area Berlari : 47 x 120cm - Incline : Auto Incline 0 - 18 derajat - Speaker : USB & MP3 - Fitur : Mesin pijat, Sit up, Shock Absorbtion - Max berat : 120 Kg - Dimensi produk : 158 x 75 x 131cm - Dimensi Lipat : 104 x 72 x 129cm - Dimensi Kemasan : 169 x 79 x 33 cm - NW/GW : 60/70 Kg","","https://cdn.sanity.io/images/856jrik3/production/904c60a445ce7bc8aa9cd3e0d95e6fb3e46b8187-445x447.png","https://cdn.sanity.io/images/856jrik3/production/3fb0003d5abc2aae15a75f3a2442382eba9d6155-442x448.png","https://cdn.sanity.io/images/856jrik3/production/bcc9e8ff8b87c5b715af9726037a36f36d07a554-406x408.png","https://cdn.sanity.io/images/856jrik3/production/ab0f721870a2bb9c429bbdce39da1abc905902a8-412x402.png","https://cdn.sanity.io/images/856jrik3/production/2c9d17941061ab4d9548bec3d5b7ad562ceea0fd-408x487.png","OK — siap copy ke template","[TINGGI] Deskripsi milik sendiri: dus 169×79×33cm, NW/GW 60/70kg (pakai GW). Kargo/truk + packing kayu.",""
"267","Treadmill Electric TL-680","Treadmill & Walking Pad","7150000","2","TF-D31752","73000","169","76","32.5","Motor      :   2hp  DC Motor Speed      :  8-14 km/h Monitor  : Hand pulse , Body Fat, Time, Speed, Distance,Calorie    Program : P1 – P12 Running Belt : 1300 x 420 x 6 mm Incline     : 1-15% Automatic Incline Speakers : Mp3, USB Max User Weigth : 110 Kg Product Assembly Dimension : 165 x 72 x 130 cm ( P x L x T ) Produk Folding Dimension :  90 x 72 x 140cm ( P x L x T ) W/G.W(kgs)  :  65 / 73 KG Box Dimension :  1690 x 760 x 325 MM","","https://cdn.sanity.io/images/856jrik3/production/86569ce644eb56acb38d07c65d3bc68ad1874ee8-406x410.png","https://cdn.sanity.io/images/856jrik3/production/c24d334b8df59884f7299ffb6faba2012622a076-421x393.png","https://cdn.sanity.io/images/856jrik3/production/9829da8a7bb7027e722a06e0e1d6a872c2b0a6f4-395x402.png","","","OK — siap copy ke template","[TINGGI] Deskripsi milik sendiri: box 169×76×32,5cm, NW/GW 65/73kg (pakai GW). Kargo/truk + packing kayu.",""
"268","Treadmill Electric TL-777","Treadmill & Walking Pad","5980000","2","TF-62F23C","70000","155","67","122","Monitor Digital: Menampilkan Heart Rate, Time, Speed, Calories & Distance Automatic Incline 1–15 untuk variasi intensitas latihan Kecepatan: 1.0 – 14 Km/h Motor: DC 2 HP – stabil dan tahan lama Running Belt: 120 x 42 cm Max Weight: 120 Kg Dimensi: 155 x 67 x 122 cm Compatible with FitShow App – pantau hasil latihan langsung dari smartphone","","https://cdn.sanity.io/images/856jrik3/production/6c3bd50ed4201e3769fe93076fc31bf74edde855-340x357.png","https://cdn.sanity.io/images/856jrik3/production/eca44efb74f542de6be0392e8105f029c04bbe0f-419x392.png","https://cdn.sanity.io/images/856jrik3/production/fd65798f0235eaec9532b8a45232bb53f1aeccbc-315x339.png","","","OK — siap copy ke template","[SEDANG] ACUAN kakak TL-66 (max & ukuran mirip): GW 70kg. WAJIB TIMBANG! Kargo/truk + packing kayu.","berat/dimensi perlu verifikasi: WAJIB TIMBANG! Kargo/truk + packing kayu."
"269","Treadmill Electric TL-88AC Motor 4HP","Treadmill & Walking Pad","28800000","2","TF-457392","250000","206","94","173","Deskripsi - Motor : AC 4 HP Peak 7HP Continous Power - Speed : 1 - 22 Km/Jam - Monitor : ANDROID 15,6 inch. Kalori, Detak Jantung, Waktu, Jarak Tempuh, Kecepatan, Langkah Kaki - Program : 1P - 24P - Are Berlari : 157 x 58 cm - Incline : 22 derajat Auto incline - Speaker : MP3, Carger, USB - Max Pengguna : 150 Kg - Dimensi produk : 206 x 94 x 173 cm - NW/GW : 193/250 Kg - Warna : Hitam dan Silver","","https://cdn.sanity.io/images/856jrik3/production/78734b39fbea3396601052dd0bf1824d0bf483ee-1280x1600.jpg","https://cdn.sanity.io/images/856jrik3/production/c53f14e208086ed53b1b2863c6ba024fa3d5cd1e-495x490.png","https://cdn.sanity.io/images/856jrik3/production/6d8f33b0f39a43e8c7054b6931fbcddfb9e15e27-487x490.png","","","OK — siap copy ke template","[TINGGI] Deskripsi milik sendiri: 206×94×173cm, NW/GW 193/250kg (pakai GW). TRUK + asuransi + teknisi.",""
"270","Treadmill Electric TL-99AC Motor 4HP","Treadmill & Walking Pad","18800000","2","TF-162734","105000","175","87","158","Spesifikasi: - Motor Power : AC 4 HP - Monitor : LCD Touch Screen , Waktu, Kecepatan, Kalori, Jarak tempuh, Body Fat, Detak Jantung. - Area Berlari : 135 x 52 Cm - Kecepatan : 1.0 – 18.0 Km/H - Fitur : Koneksi App Fitshow, Kinomap & Zwift, Wireless Charging System, Speaker, USB, Mp3 & Hand Pulse Sensor. - Program : P1 – P20 - Incline : Auto Incline 1 – 20 - Maksimal Berat : 150 Kg - Dimensi Produk : 175 x 87 x 158 Cm - Warna : Hitam","","https://cdn.sanity.io/images/856jrik3/production/227a3252140f874ee051548e32ca4756d702d79f-309x388.png","https://cdn.sanity.io/images/856jrik3/production/eef055d7164d5c4f30a8c5eae52c6d062b2b26fd-428x392.png","","","","OK — siap copy ke template","[SEDANG] ACUAN kakak TL-129 (4HP, max & ukuran mirip): GW 105kg. WAJIB TIMBANG! TRUK + asuransi.","berat/dimensi perlu verifikasi: WAJIB TIMBANG! TRUK + asuransi."
"271","Treadmill Electric Tl-170 Motor DC","Treadmill & Walking Pad","9800000","2","TF-113D76","99000","170","76","147","Spesifikasi: Ukuran Running Belt: 135 x 48 cm Kecepatan: 1.0 – 18 Km/jam Max Weight: 130 Kg Dimensi: 170 x 76 x 147 cm Fungsi: Membakar kalori, melatih jantung, memperkuat otot","","https://cdn.sanity.io/images/856jrik3/production/c9134ee79738123b349183ba1850f2d92b896e74-308x387.png","https://cdn.sanity.io/images/856jrik3/production/b9dceb0b3843912af0dcb5576d8350a32de53f85-365x332.png","https://cdn.sanity.io/images/856jrik3/production/c1f8a2715e4cc90c664ee9e8e5422288b0ef9bd7-315x338.png","https://cdn.sanity.io/images/856jrik3/production/a5467289e8a5fa502eb4763a5b7be89e6bd89e46-299x390.png","https://cdn.sanity.io/images/856jrik3/production/ef5552ebf42373a42c3b456e14d0588d36887eda-308x388.png","OK — siap copy ke template","[SEDANG] ACUAN kakak TL-199 (belt & max sama): GW 99kg. Resmi tanpa berat. WAJIB TIMBANG! Kargo/truk + packing kayu.","berat/dimensi perlu verifikasi: WAJIB TIMBANG! Kargo/truk + packing kayu."
"272","Treadmill Electric Tl-246","Treadmill & Walking Pad","4690000","2","TF-8A96EE","39000","144","67","24","Motor Power	:	DC 1,5HP - Monitor	:	LCD , Detak jantung, Waktu, Calori, Jarak Tempuh, Distance, kecepatan - Run Area	:	40 x 110 Cm - Kecepatan	:	1.0 – 12.0 Km/H - Fitur	:	Safety Key, Mp3, USB & Hand Pulse Sensor - Prpgram	:	P1 – P12 - Incline	:	Manual Incline - 3 Fungsi	:	Massager, Running, Sit Up - Maksimal Berat pengguna	:	95 Kg - Dimensi Kemasan	:	144 x 67 x 24 Cm - Dimensi Produk	:	136 x 52 x 106 Cm - NW/GW	:	33/39Kg","","https://cdn.sanity.io/images/856jrik3/production/dfbc896f9499f6273a795469c14ce948bcaca02d-413x419.png","https://cdn.sanity.io/images/856jrik3/production/1430a7b7ecf0d4cadd1add86822bfb2983433c2c-419x416.png","https://cdn.sanity.io/images/856jrik3/production/1d306210c50f9a3af0a20bc7c620ec47d7f7042f-418x415.png","https://cdn.sanity.io/images/856jrik3/production/9fa309518204b22dc0031bc8ad25708b9607b917-351x392.png","","OK — siap copy ke template","[TINGGI] Deskripsi milik sendiri: dus 144×67×24cm, NW/GW 33/39kg (pakai GW). Kargo + packing kayu.",""
"273","Treadmill Electric Tl-607","Treadmill & Walking Pad","4690000","2","TF-3C709F","52000","141","73","29","Spesifikasi . Motor	:	DC 1.5 HP . Kecepatan	:	1.0 - 12.8 Km/h - max beban 100 Kg - sangat cocok untuk olahraga di rumah - hemat energi karena menggunakan arus DC - Monitor	:	Pulse ( detak jantung ), Jarak tempuh, kalori yang di bakar, Kecepatan, waktu - Dilengkapi dengan Speaker MP3 - 12 Program otomatis - sistem hidrolik - Hand pulse & handle speedon bar - Tombol kecepatan Cepat konsol - Multifungsi dapat untuk Lari , Sit Up operation , Massager - Runing Area	:	100cm x 39cm - Expand Size	:	133,5cm x 66cm x 119cm","","https://cdn.sanity.io/images/856jrik3/production/f256d7a5377ee32eac748cce074855b623f725b8-442x445.png","https://cdn.sanity.io/images/856jrik3/production/679bebe7fe500233c93c1e072c07ad981af4952f-487x495.png","https://cdn.sanity.io/images/856jrik3/production/090a25387649d395703bcbb582d1c6a26e426d57-487x494.png","","","OK — siap copy ke template","[SEDANG] Up Fit Health + Total-Healthgym TL-607 (tipe sama): box 141×73×29, NW/GW 44/52kg. Resmi tulis 44,5kg — WAJIB TIMBANG! Kargo + packing kayu.","berat/dimensi perlu verifikasi: Resmi tulis 44,5kg — WAJIB TIMBANG! Kargo + packing kayu."
"274","Treadmill Manual TL-004","Treadmill & Walking Pad","3100000","0","TF-5DB338","43000","133","55","22","-Manual Treadmill -Dimensi 126cm x 65cm x 147cm -Run Area 120cm x 38 cm (Karpet) -Foldable mode/Bisa dilipat -Incline 15% / Setting tanjakan -Function	:	Walking, jogging, running, massager, stepper, twister, push up, roper -Digital monitor	:	Timer, speed, distance, calories, heart pulse -Memiliki roda agar mudah di pindahkan","","https://cdn.sanity.io/images/856jrik3/production/dfb06748f9238643f496d8cee8e167c13418cea1-489x489.png","https://cdn.sanity.io/images/856jrik3/production/b7cce99d9146b3204e0d129aceedab103a8d498c-478x479.png","https://cdn.sanity.io/images/856jrik3/production/5cf3873bb9f0bcd2932edb1f14c0db75ef4b4d30-476x490.png","https://cdn.sanity.io/images/856jrik3/production/7b00399d4d6b2efa2c1451b23da88d8cd5606ca2-522x547.png","","OK — siap copy ke template","[SEDANG] Total-Healthgym + 2 Tokopedia TL-004 (tipe sama): box 133×55×22, NW/GW 39/43kg. Kargo + packing kayu.","STOK 0 — isi stok dulu (stok 0 tidak bisa dibeli); berat/dimensi perlu verifikasi: Kargo + packing kayu."
"275","Treadmill Walking Pad TL-111 Portable","Treadmill & Walking Pad","3390000","3","TF-55136E","32000","126","65","107","- Motor : 1,5 HP DC - Kecepatan : 1.0 - 10 Km/Jam - Monitor : Kalori, Waktu, Kecepatan, Jarak tempuh - Area berlari : 40 x 110 cm - Max pengguna : 100 Kg - Incline : - - Dimensi produk : 126 x 65 x 107 cm - NW/GW : 28/32 Kg","","https://cdn.sanity.io/images/856jrik3/production/3d395d84beb2fe501bd4520a2fe8cb9a8fc4c4ea-1280x1600.jpg","https://cdn.sanity.io/images/856jrik3/production/cebb36048841c04f84523fc0c41d0ada67bc800a-1280x1600.jpg","https://cdn.sanity.io/images/856jrik3/production/d3189b8f34edd7a456cd0a6e51783bb22bf1cf0e-494x492.png","https://cdn.sanity.io/images/856jrik3/production/a64cfadd6f31723267f59c944e875a760f2fd702-479x493.png","","OK — siap copy ke template","[TINGGI] Deskripsi milik sendiri: 126×65×107cm, NW/GW 28/32kg (pakai GW). Kargo + packing kayu.",""
"276","Treadmill Walking Pad TL-555 Auto Incline Motor 2HP","Treadmill & Walking Pad","5300000","2","TF-895E34","38500","137","70","109","Fitur Unggulan: 15 Program Otomatis (P1–P15) sesuai kebutuhan latihan Auto Incline 1 – 12: Tingkatkan intensitas latihan tanpa henti Kecepatan 0,8 – 14 Km/jam: Mulai dari jalan santai hingga lari cepat Monitor LED Display: Menampilkan waktu, kecepatan, jarak, kalori & detak jantung Motor DC 2 HP: Kuat dan tahan lama, cocok untuk penggunaan di rumah  SPESIFIKASI WALKING PAD TL-555 - Running Belt	:	110 x 43 cm - Dimensi	:	137 x 70 x 109 cm - Berat Bersih / Kotor	:	32,5 Kg / 38,5 Kg - Max Beban	:	110 Kg","","https://cdn.sanity.io/images/856jrik3/production/42c47f19cd56ddb8c44fdda735bf2f78bcd17859-1280x1600.jpg","https://cdn.sanity.io/images/856jrik3/production/a580a09efd71d79c2a5d0e0b258353d59b1818d0-402x402.png","https://cdn.sanity.io/images/856jrik3/production/e72f4ec73a4ae4d98b8d89650834f5a7c08a4fb3-410x350.png","https://cdn.sanity.io/images/856jrik3/production/14c397caad7c83263a6b537a68aa40d810654ddf-381x319.png","","OK — siap copy ke template","[TINGGI] Deskripsi milik sendiri: 137×70×109cm, bersih/kotor 32,5/38,5kg (pakai kotor). Kargo + packing kayu.",""
"277","Tricep Rope Import","Stick & Accessories","120000","0","TF-8D3FC9","1500","","","","Spesifikasi : * Panjang : 68cm * Berat : +/- 1kg * Bahan : High Quality Nylon + Fiber","","https://cdn.sanity.io/images/856jrik3/production/39207b814d9b102d0c8e94e5572746592e3b484a-1024x1024.jpg","https://cdn.sanity.io/images/856jrik3/production/dec0b28a7adfe62d5451b0e431f7a42170ade75d-450x450.jpg","https://cdn.sanity.io/images/856jrik3/production/22f9e13fbaff45effeb7e51a2e007189ca9f95fb-1000x1000.webp?fm=jpg","https://cdn.sanity.io/images/856jrik3/production/bf4c1c5e0fa9357c9e02584dd97bd5d69761b968-450x450.webp?fm=jpg","","OK — siap copy ke template","[TINGGI] Deskripsi milik sendiri: ±1kg, 68cm + packing. Ukur kemasan saat packing.","STOK 0 — isi stok dulu (stok 0 tidak bisa dibeli)"
"278","Tummy Trimmer Single Spring","Stick & Accessories","55000","6","TF-72E6FD","1000","","","","Bahan pegangan dan penahan kaki : Plastik Bahan Pegas/spring : Bechrome  Panjang Pegas/spring : 26cm  Ukuran keseluruhan alat : panjang 34 cm,  lebar 26 cm Berat : 750gr","","https://cdn.sanity.io/images/856jrik3/production/743a8056891f157af062b9f49d8ce122b252f082-287x180.jpg","https://cdn.sanity.io/images/856jrik3/production/f1bbdd01c1cd657cb75b5cda90bb72ee7a5a54bb-180x180.jpg","https://cdn.sanity.io/images/856jrik3/production/b3aad4a5df474d0f855bf0cdc33410f1b9a338db-145x180.jpg","","","OK — siap copy ke template","[TINGGI] Deskripsi milik sendiri: 750gr, 34×26cm + packing. Ukur kemasan saat packing.",""
"279","UpRight Bike Machine Total Fitness","Fitness Outdoor","7700000","0","TF-BAFE37","50000","100","52","100","Total Fitness Up Right E Bike Outdoor Spesifikasi : Dimensi : 100 x 52 x 100 Cm Warna : Merah Kegunaan : Bersepeda  * Produk sudah termasuk baut untuk ke 4 sisi * Produk tidak di dalam dus * Harap Konfirmasi pembelian terlebih dahulu","","https://cdn.sanity.io/images/856jrik3/production/6fae23ebf5a31d5d0c458f4f103cf692f14c9d97-450x450.webp?fm=jpg","https://cdn.sanity.io/images/856jrik3/production/b2bdba27095f736ea43257e7c1f3c031113e091b-1024x1024.webp?fm=jpg","","","","OK — siap copy ke template","[TINGGI] Katalog New Quality Group: Weight 50 kg, dims 100×52×100 sama persis. Tidak dalam dus — kargo + packing kayu, konfirmasi dulu.","STOK 0 — isi stok dulu (stok 0 tidak bisa dibeli)"
"280","Upper Limb Pulling Jupiterfit","Fitness Outdoor","13500000","0","TF-FDB40F","","100","240","75","Dimensi : 100*240*75cm","","https://cdn.sanity.io/images/856jrik3/production/2bbece43e79998fc9d4ff360709d632db7271a78-350x500.jpg","","","","","KURANG — perbaiki dulu","[-] Dimensi dari deskripsi pemilik. Berat frame pull outdoor ini TIDAK ditemukan sumbernya. TANYA SUPPLIER / timbang.","STOK 0 — isi stok dulu (stok 0 tidak bisa dibeli); BERAT BELUM ADA — TANYA SUPPLIER / timbang."
"281","Vertical Knee Up / Dip U3047 DHZ","Commercial Fitness","9500000","0","TF-AE8ACF","77000","127","71","160","Knee Up is designed to train a range of core and lower body, with curved elbow pads and handles for comfortable and stable support, and a full-contact back pad can further help stabilize the core. additional raised foot pads and handles provide support for dip training. Weight : 77kg Dimension ; 127 x 71 x 160 cm Features : Angled Design , Dual Workout , Durable","","https://cdn.sanity.io/images/856jrik3/production/60f41c22848c4a7591647375c0e4ce2215191cb1-750x1009.webp?fm=jpg","","","","","OK — siap copy ke template","[TINGGI] Deskripsi milik sendiri: 127×71×160cm, 77kg. Kargo/truk + packing kayu.","STOK 0 — isi stok dulu (stok 0 tidak bisa dibeli)"
"282","Vertical Press U3008C DHZ","Commercial Fitness","18800000","2","TF-3E6926","242000","148","105","181","Platinum Series Vertical Press is great for training upper body muscle groups. The adjustable back pad is used to provide starting position, which balaced both comfort and performance. The split-type motion design allows exercisers to choose a variety of training programs. The low pivot of the movement arm ensures proper path of motion and easyentrance/exit to and from the unit  Dimension : 148 x 105 x 181 cm Weight : 242 Kg Weight Stack : 110 Kg","","https://cdn.sanity.io/images/856jrik3/production/b882486bcfd74e316a76f2018b6e70a609b37777-360x397.png","","","","","OK — siap copy ke template","[TINGGI] Deskripsi milik sendiri: 148×105×181cm, 242kg (stack 110kg). TRUK + asuransi + teknisi.",""
"283","Vertical Row U3034C DHZ","Commercial Fitness","17800000","2","TF-57562D","227000","155","132","160","Vertical Press has a comfortable and large multi-position grip, which increases the user's training comfort and training variety. The power-assisted footrest design replaces the traditional adjustable back pad, which can change the starting position of training according to the habits of different customers, and buffer at the end of training. Dimension : 155 x 132 x 160 cm Weight : 227kg Weight Stack : 95kg Features : L-Shaped Handles, Adjustments, Helpful Guidance","","https://cdn.sanity.io/images/856jrik3/production/631f37fef460801ebfe5c2b37c55b731acfa0432-750x750.webp?fm=jpg","","","","","OK — siap copy ke template","[TINGGI] Deskripsi milik sendiri: 155×132×160cm, 227kg (stack 95kg). TRUK + asuransi + teknisi.",""
"284","Waist & Stepper Jupiterfit","Fitness Outdoor","13500000","0","TF-E97272","50000","120","60","135","Dimensi : 120*60*135cm","","https://cdn.sanity.io/images/856jrik3/production/3c9b87c3ed99e66ae706bb18ff0f4433556ba06d-247x321.jpg","","","","","OK — siap copy ke template","[SEDANG] ACUAN sejenis: stasiun outdoor pipa galvanis 3mm seukuran (air walker/warming arm) = 50kg (katalog NQ Group). Tanya supplier Jupiterfit / timbang untuk pastikan.","STOK 0 — isi stok dulu (stok 0 tidak bisa dibeli); berat/dimensi perlu verifikasi: Tanya supplier Jupiterfit / timbang untuk pastikan."
"285","Walking Pad CH-21","Treadmill & Walking Pad","2000000","5","TF-E2E2C7","21000","118","54","95","SPESIFIKASI CH-21 - Motor : 1,5 HP DC - Kecepatan : 1.0 - 10 Km/Jam - Monitor : Kalori, Waktu, Kecepatan, Jarak tempuh - Area berlari : 38 x 102 cm - Max pengguna : 90 Kg - Incline : - - Dimensi produk : 118 x 54 x 95 cm - NW/GW : 17/21 Kg","","https://cdn.sanity.io/images/856jrik3/production/c78b1cc0775bc81421e256b6b73c14b065d3729e-484x466.png","https://cdn.sanity.io/images/856jrik3/production/12fab948f2cd68cfd6be5419b8597f6835784117-496x478.png","https://cdn.sanity.io/images/856jrik3/production/40ac87427e747d6101d3a220bcf7699c84752a91-487x493.png","","","OK — siap copy ke template","[TINGGI] Deskripsi milik sendiri: 118×54×95cm, NW/GW 17/21kg (pakai GW). Kargo + packing kayu.",""
"286","Walking Pad TL-212 2 in 1","Treadmill & Walking Pad","3100000","5","TF-276BB9","27000","122","55","115","Running Belt : 37 x 107 cm Kecepatan : 1.0 – 12 Km/Jam Speed Massage : P1-P5 Motor : DC 1.5 HP Max Beban Pengguna : 110 Kg Dilengkapi Papan pijat (Walking Massage Side) Dimensi Produk : 122 x 55 x 115 cm NW/GW : 24 Kg / 27 Kg Fungsi Latihan : Burning Calories, Train The Heart","","https://cdn.sanity.io/images/856jrik3/production/9e3a76bce9ddba8a1e7ec1738b02a26a52449215-1600x1511.jpg","","","","","OK — siap copy ke template","[TINGGI] Deskripsi milik sendiri: 122×55×115cm, NW/GW 24/27kg (pakai GW). Kargo + packing kayu.",""
"287","Walking Pad TL-220","Treadmill & Walking Pad","2550000","5","TF-FF6BE4","28500","125","53","105","SPESIFIKASI WALKING PAD TL-220 Running Belt : 40 x 100 cm Kecepatan : 1.0 – 10 Km/Jam Motor : DC 1.5 HP Max Beban Pengguna : 90 Kg Incline : Manual Dimensi Produk : 125 x 53 x 105 cm Berat Bersih / Kotor : 25 Kg / 28.5 Kg Fungsi Latihan : Burning Calories, Train The Heart","","https://cdn.sanity.io/images/856jrik3/production/a3298cd995d9b250d99c6a03ece539b5f613c599-443x435.png","https://cdn.sanity.io/images/856jrik3/production/6b7fb6c6e98a51e10be830a656ecbb60f7ada098-438x442.png","https://cdn.sanity.io/images/856jrik3/production/4cc20a92a691c101f322af67a68493a86e3e6fdb-438x439.png","https://cdn.sanity.io/images/856jrik3/production/f73307044ec399874fb28b489ebaf611a27f0f3a-442x447.png","https://cdn.sanity.io/images/856jrik3/production/9b56ee57a6b9aff7e2e930929980d0b94a8ecf7f-442x444.png","OK — siap copy ke template","[TINGGI] Deskripsi milik sendiri: 125×53×105cm, bersih/kotor 25/28,5kg (pakai kotor). Kargo + packing kayu.",""
"288","Walking Pad TL-336","Treadmill & Walking Pad","2000000","5","TF-6DF60B","22000","110","54","94","- Motor : 1 HP DC - Kecepatan : 1.0 - 10 Km/Jam - Monitor : Kalori,Waktu, Kecepatan, Jarak tempuh - Area berlari : 40 x 95 cm - Max pengguna : 90 Kg - Incline : Manual Incline - Dimensi produk : 110 x 54 x 94 cm - NW/GW : 19/22 Kg","","https://cdn.sanity.io/images/856jrik3/production/90bcc29f8d3ce23f5a85952bd78ff64c6db063f7-1282x1600.jpg","https://cdn.sanity.io/images/856jrik3/production/92374f6075841dbb44a5f9250c95bc9bc1127d8d-400x400.png","https://cdn.sanity.io/images/856jrik3/production/31533409969d67facb9553714f207144471d0042-398x367.png","https://cdn.sanity.io/images/856jrik3/production/473ea5cb3ae24f069e145e061cc11b868384ffc1-379x322.png","","OK — siap copy ke template","[TINGGI] Deskripsi milik sendiri: 110×54×94cm, NW/GW 19/22kg (pakai GW). Kargo + packing kayu.",""
"289","Warming Arm 4 Circle Total Fitness","Fitness Outdoor","9500000","0","TF-6739F4","50000","115","100","140","Total Fitness Warming Arm 4 Outdoor Spesifikasi : Dimensi : 115 x 100 x 140 Cm Warna : Merah Kuning Kegunaan : Untuk peregangan tangan  * Produk sudah termasuk angkur dan pelindung angkur * Produk tidak di dalam dus * Harap Konfirmasi pembelian terlebih dahulu","","https://cdn.sanity.io/images/856jrik3/production/214578001859631acd72c1290d7871e7e9477dac-450x450.webp?fm=jpg","https://cdn.sanity.io/images/856jrik3/production/6ca5740f47ee138233840eda00b39375be158ef2-1024x1024.webp?fm=jpg","","","","OK — siap copy ke template","[TINGGI] Katalog New Quality Group: Weight 50 kg, dims 115×100×140 sama persis. Tidak dalam dus — kargo + packing kayu, konfirmasi dulu.","STOK 0 — isi stok dulu (stok 0 tidak bisa dibeli)"
"290","Weight Adjuster Key WAK Lokal","Sparepart","125000","0","TF-2B0030","500","","","","Pengunci pengatur tinggi rendah bench alat fitness","","https://cdn.sanity.io/images/856jrik3/production/cb33ea95009a561927be79a692ec30be952329d8-800x800.webp?fm=jpg","","","","","OK — siap copy ke template","[SEDANG] ACUAN: pin bench gym 40–96g (eBay) + packing. Ukur kemasan saat packing.","STOK 0 — isi stok dulu (stok 0 tidak bisa dibeli); berat/dimensi perlu verifikasi: Ukur kemasan saat packing."
